Local time,Open,High,Low,Close,Volume
01.01.2010 07:00:00.000 GMT+0100,1.61673,1.61696,1.61582,1.61670,100262.1006
01.01.2010 15:00:00.000 GMT+0100,1.61672,1.61690,1.61487,1.61614,43416.499500000005
01.01.2010 23:00:00.000 GMT+0100,1.61614,1.61614,1.61614,1.61614,0
02.01.2010 07:00:00.000 GMT+0100,1.61614,1.61614,1.61614,1.61614,0
02.01.2010 15:00:00.000 GMT+0100,1.61614,1.61614,1.61614,1.61614,0
02.01.2010 23:00:00.000 GMT+0100,1.61614,1.61614,1.61614,1.61614,0
03.01.2010 07:00:00.000 GMT+0100,1.61614,1.61614,1.61614,1.61614,0
03.01.2010 15:00:00.000 GMT+0100,1.61614,1.61614,1.61614,1.61614,0
03.01.2010 23:00:00.000 GMT+0100,1.61034,1.61520,1.60710,1.60945,25509.550499999998
04.01.2010 07:00:00.000 GMT+0100,1.60940,1.62415,1.60575,1.61620,117303.1391
04.01.2010 15:00:00.000 GMT+0100,1.61620,1.61950,1.60815,1.60820,63168.99820000001
04.01.2010 23:00:00.000 GMT+0100,1.60820,1.61400,1.60660,1.61325,27920.510299999998
05.01.2010 07:00:00.000 GMT+0100,1.61325,1.61530,1.59880,1.60375,97241.10889999999
05.01.2010 15:00:00.000 GMT+0100,1.60375,1.60700,1.59650,1.59900,87789.39930000002
05.01.2010 23:00:00.000 GMT+0100,1.59895,1.60045,1.59435,1.59635,29954.4701
06.01.2010 07:00:00.000 GMT+0100,1.59640,1.60635,1.59500,1.59685,103841.0092
06.01.2010 15:00:00.000 GMT+0100,1.59685,1.60430,1.59370,1.60170,105512.101
06.01.2010 23:00:00.000 GMT+0100,1.60170,1.60585,1.59685,1.59740,17742.6599
07.01.2010 07:00:00.000 GMT+0100,1.59735,1.60000,1.58960,1.59230,104219.68109999999
07.01.2010 15:00:00.000 GMT+0100,1.59230,1.59565,1.59035,1.59290,90210.6509
07.01.2010 23:00:00.000 GMT+0100,1.59290,1.59560,1.59150,1.59350,13668.9999
08.01.2010 07:00:00.000 GMT+0100,1.59345,1.61100,1.59265,1.60910,103396.6309
08.01.2010 15:00:00.000 GMT+0100,1.60905,1.60970,1.59565,1.60210,92199.3997
08.01.2010 23:00:00.000 GMT+0100,1.60210,1.60210,1.60210,1.60210,0
09.01.2010 07:00:00.000 GMT+0100,1.60210,1.60210,1.60210,1.60210,0
09.01.2010 15:00:00.000 GMT+0100,1.60210,1.60210,1.60210,1.60210,0
09.01.2010 23:00:00.000 GMT+0100,1.60210,1.60210,1.60210,1.60210,0
10.01.2010 07:00:00.000 GMT+0100,1.60210,1.60210,1.60210,1.60210,0
10.01.2010 15:00:00.000 GMT+0100,1.60210,1.60210,1.60210,1.60210,0
10.01.2010 23:00:00.000 GMT+0100,1.60675,1.61070,1.60430,1.60895,45111.000499999995
11.01.2010 07:00:00.000 GMT+0100,1.60895,1.61935,1.60675,1.61615,120409.3594
11.01.2010 15:00:00.000 GMT+0100,1.61615,1.61800,1.60920,1.61125,85472.6506
11.01.2010 23:00:00.000 GMT+0100,1.61125,1.61200,1.60615,1.60905,23077.3203
12.01.2010 07:00:00.000 GMT+0100,1.60900,1.61725,1.60630,1.61265,105844.0399
12.01.2010 15:00:00.000 GMT+0100,1.61265,1.61945,1.61155,1.61615,96034.82959999998
12.01.2010 23:00:00.000 GMT+0100,1.61615,1.61925,1.61365,1.61795,19680.4998
13.01.2010 07:00:00.000 GMT+0100,1.61790,1.62945,1.61745,1.62825,134716.3028
13.01.2010 15:00:00.000 GMT+0100,1.62825,1.63070,1.62460,1.62785,111230.04789999998
13.01.2010 23:00:00.000 GMT+0100,1.62785,1.63090,1.62625,1.62865,19467.4802
14.01.2010 07:00:00.000 GMT+0100,1.62865,1.63240,1.62495,1.63110,103254.7495
14.01.2010 15:00:00.000 GMT+0100,1.63110,1.63465,1.62850,1.63325,99080.86860000002
14.01.2010 23:00:00.000 GMT+0100,1.63330,1.63545,1.62845,1.63350,18974.189899999998
15.01.2010 07:00:00.000 GMT+0100,1.63355,1.63450,1.62675,1.62890,115836.2315
15.01.2010 15:00:00.000 GMT+0100,1.62900,1.63085,1.62100,1.62615,75179.4595
15.01.2010 23:00:00.000 GMT+0100,1.62615,1.62615,1.62615,1.62615,0
16.01.2010 07:00:00.000 GMT+0100,1.62615,1.62615,1.62615,1.62615,0
16.01.2010 15:00:00.000 GMT+0100,1.62615,1.62615,1.62615,1.62615,0
16.01.2010 23:00:00.000 GMT+0100,1.62615,1.62615,1.62615,1.62615,0
17.01.2010 07:00:00.000 GMT+0100,1.62615,1.62615,1.62615,1.62615,0
17.01.2010 15:00:00.000 GMT+0100,1.62615,1.62615,1.62615,1.62615,0
17.01.2010 23:00:00.000 GMT+0100,1.62615,1.63195,1.62495,1.63050,24729.8599
18.01.2010 07:00:00.000 GMT+0100,1.63055,1.63770,1.62710,1.63045,92258.34079999999
18.01.2010 15:00:00.000 GMT+0100,1.63050,1.63475,1.62990,1.63400,39762.460300000006
18.01.2010 23:00:00.000 GMT+0100,1.63390,1.64200,1.63310,1.64010,21490.549899999998
19.01.2010 07:00:00.000 GMT+0100,1.64010,1.64575,1.63115,1.63400,119903.11050000001
19.01.2010 15:00:00.000 GMT+0100,1.63405,1.63945,1.63235,1.63595,96330.64110000002
19.01.2010 23:00:00.000 GMT+0100,1.63600,1.63715,1.62810,1.62905,25582.7899
20.01.2010 07:00:00.000 GMT+0100,1.62910,1.63260,1.62430,1.62660,116962.08730000001
20.01.2010 15:00:00.000 GMT+0100,1.62660,1.63080,1.62620,1.62890,80755.0703
20.01.2010 23:00:00.000 GMT+0100,1.62890,1.63115,1.62465,1.62620,17824.330100000003
21.01.2010 07:00:00.000 GMT+0100,1.62620,1.62955,1.61245,1.61755,116117.8989
21.01.2010 15:00:00.000 GMT+0100,1.61760,1.62385,1.61340,1.61935,107302.1899
21.01.2010 23:00:00.000 GMT+0100,1.61935,1.62205,1.61670,1.62120,14496.3501
22.01.2010 07:00:00.000 GMT+0100,1.62115,1.62835,1.61005,1.61010,116264.8304
22.01.2010 15:00:00.000 GMT+0100,1.61015,1.61530,1.60770,1.61115,98890.31049999999
22.01.2010 23:00:00.000 GMT+0100,1.61115,1.61115,1.61115,1.61115,0
23.01.2010 07:00:00.000 GMT+0100,1.61115,1.61115,1.61115,1.61115,0
23.01.2010 15:00:00.000 GMT+0100,1.61115,1.61115,1.61115,1.61115,0
23.01.2010 23:00:00.000 GMT+0100,1.61115,1.61115,1.61115,1.61115,0
24.01.2010 07:00:00.000 GMT+0100,1.61115,1.61115,1.61115,1.61115,0
24.01.2010 15:00:00.000 GMT+0100,1.61115,1.61115,1.61115,1.61115,0
24.01.2010 23:00:00.000 GMT+0100,1.61010,1.61360,1.60880,1.61105,15437.929999999998
25.01.2010 07:00:00.000 GMT+0100,1.61105,1.61740,1.61105,1.61560,86556.54019999999
25.01.2010 15:00:00.000 GMT+0100,1.61555,1.62610,1.61540,1.62445,92957.81989999999
25.01.2010 23:00:00.000 GMT+0100,1.62430,1.62680,1.61915,1.62055,17249.7798
26.01.2010 07:00:00.000 GMT+0100,1.62055,1.62630,1.61015,1.61065,103972.0815
26.01.2010 15:00:00.000 GMT+0100,1.61065,1.61760,1.60930,1.61405,104069.9995
26.01.2010 23:00:00.000 GMT+0100,1.61405,1.61545,1.61090,1.61250,48254.6699
27.01.2010 07:00:00.000 GMT+0100,1.61250,1.62440,1.61065,1.62190,123777.7022
27.01.2010 15:00:00.000 GMT+0100,1.62185,1.62190,1.61355,1.61665,106050.40039999998
27.01.2010 23:00:00.000 GMT+0100,1.61665,1.62280,1.61330,1.61800,54892.2003
28.01.2010 07:00:00.000 GMT+0100,1.61800,1.62755,1.61755,1.62485,94056.0988
28.01.2010 15:00:00.000 GMT+0100,1.62485,1.62545,1.61120,1.61355,79438.70090000001
28.01.2010 23:00:00.000 GMT+0100,1.61350,1.61590,1.61095,1.61140,20865.0998
29.01.2010 07:00:00.000 GMT+0100,1.61140,1.61790,1.60530,1.60565,105606.88919999998
29.01.2010 15:00:00.000 GMT+0100,1.60565,1.60670,1.59775,1.59883,122233.71889999999
29.01.2010 23:00:00.000 GMT+0100,1.59883,1.59883,1.59883,1.59883,0
30.01.2010 07:00:00.000 GMT+0100,1.59883,1.59883,1.59883,1.59883,0
30.01.2010 15:00:00.000 GMT+0100,1.59883,1.59883,1.59883,1.59883,0
30.01.2010 23:00:00.000 GMT+0100,1.59883,1.59883,1.59883,1.59883,0
31.01.2010 07:00:00.000 GMT+0100,1.59883,1.59883,1.59883,1.59883,0
31.01.2010 15:00:00.000 GMT+0100,1.59883,1.59883,1.59883,1.59883,0
31.01.2010 23:00:00.000 GMT+0100,1.59440,1.59740,1.59355,1.59545,34615.8
01.02.2010 07:00:00.000 GMT+0100,1.59545,1.59785,1.58505,1.59235,133703.9902
01.02.2010 15:00:00.000 GMT+0100,1.59230,1.59675,1.58920,1.59565,104149.84030000001
01.02.2010 23:00:00.000 GMT+0100,1.59555,1.59735,1.59200,1.59410,33293.400200000004
02.02.2010 07:00:00.000 GMT+0100,1.59410,1.59695,1.59020,1.59420,115011.95019999999
02.02.2010 15:00:00.000 GMT+0100,1.59415,1.59950,1.59230,1.59730,116454.5307
02.02.2010 23:00:00.000 GMT+0100,1.59730,1.60130,1.59655,1.60040,26013.1599
03.02.2010 07:00:00.000 GMT+0100,1.60045,1.60690,1.59390,1.59420,110495.19919999999
03.02.2010 15:00:00.000 GMT+0100,1.59420,1.59705,1.58760,1.58905,103494.90060000001
03.02.2010 23:00:00.000 GMT+0100,1.58905,1.59185,1.58805,1.58955,21789.1801
04.02.2010 07:00:00.000 GMT+0100,1.58955,1.59040,1.58050,1.58445,120735.50099999999
04.02.2010 15:00:00.000 GMT+0100,1.58445,1.58450,1.57300,1.57515,91126.29950000001
04.02.2010 23:00:00.000 GMT+0100,1.57515,1.57750,1.57150,1.57265,26362.5
05.02.2010 07:00:00.000 GMT+0100,1.57260,1.57460,1.56535,1.57200,97809.00000000001
05.02.2010 15:00:00.000 GMT+0100,1.57200,1.57210,1.55580,1.56380,103751.5195
05.02.2010 23:00:00.000 GMT+0100,1.56380,1.56380,1.56380,1.56380,0
06.02.2010 07:00:00.000 GMT+0100,1.56380,1.56380,1.56380,1.56380,0
06.02.2010 15:00:00.000 GMT+0100,1.56380,1.56380,1.56380,1.56380,0
06.02.2010 23:00:00.000 GMT+0100,1.56380,1.56380,1.56380,1.56380,0
07.02.2010 07:00:00.000 GMT+0100,1.56380,1.56380,1.56380,1.56380,0
07.02.2010 15:00:00.000 GMT+0100,1.56380,1.56380,1.56380,1.56380,0
07.02.2010 23:00:00.000 GMT+0100,1.55890,1.56220,1.55780,1.55915,33172.43
08.02.2010 07:00:00.000 GMT+0100,1.55910,1.56265,1.55335,1.55980,122782.5626
08.02.2010 15:00:00.000 GMT+0100,1.55980,1.56595,1.55760,1.55835,100187.0203
08.02.2010 23:00:00.000 GMT+0100,1.55835,1.56315,1.55650,1.56105,24810.9101
09.02.2010 07:00:00.000 GMT+0100,1.56105,1.56465,1.55610,1.56225,106182.46
09.02.2010 15:00:00.000 GMT+0100,1.56225,1.57475,1.55845,1.57170,109404.56199999999
09.02.2010 23:00:00.000 GMT+0100,1.57170,1.57285,1.56590,1.56720,28080.8003
10.02.2010 07:00:00.000 GMT+0100,1.56720,1.57650,1.56055,1.56125,110703.4902
10.02.2010 15:00:00.000 GMT+0100,1.56125,1.56290,1.55715,1.55940,92242.29999999999
10.02.2010 23:00:00.000 GMT+0100,1.55940,1.56600,1.55875,1.56395,44101.8005
11.02.2010 07:00:00.000 GMT+0100,1.56395,1.56555,1.55590,1.56095,134283.70020000002
11.02.2010 15:00:00.000 GMT+0100,1.56090,1.57175,1.55835,1.57040,109731.21960000001
11.02.2010 23:00:00.000 GMT+0100,1.57040,1.57045,1.56625,1.56955,47391.2598
12.02.2010 07:00:00.000 GMT+0100,1.56955,1.57405,1.55830,1.56290,97212.3501
12.02.2010 15:00:00.000 GMT+0100,1.56290,1.57075,1.55800,1.56980,90171
12.02.2010 23:00:00.000 GMT+0100,1.56980,1.56980,1.56980,1.56980,0
13.02.2010 07:00:00.000 GMT+0100,1.56980,1.56980,1.56980,1.56980,0
13.02.2010 15:00:00.000 GMT+0100,1.56980,1.56980,1.56980,1.56980,0
13.02.2010 23:00:00.000 GMT+0100,1.56980,1.56980,1.56980,1.56980,0
14.02.2010 07:00:00.000 GMT+0100,1.56980,1.56980,1.56980,1.56980,0
14.02.2010 15:00:00.000 GMT+0100,1.56980,1.56980,1.56980,1.56980,0
14.02.2010 23:00:00.000 GMT+0100,1.56805,1.56815,1.56395,1.56470,13760.27
15.02.2010 07:00:00.000 GMT+0100,1.56465,1.57205,1.56120,1.56645,71338.40060000001
15.02.2010 15:00:00.000 GMT+0100,1.56645,1.56745,1.56485,1.56575,32646.350000000002
15.02.2010 23:00:00.000 GMT+0100,1.56575,1.57090,1.56535,1.57015,18170.2197
16.02.2010 07:00:00.000 GMT+0100,1.57015,1.57290,1.56615,1.56740,98559.5015
16.02.2010 15:00:00.000 GMT+0100,1.56750,1.57950,1.56270,1.57905,118792.49919999999
16.02.2010 23:00:00.000 GMT+0100,1.57905,1.57930,1.57620,1.57725,26702.2502
17.02.2010 07:00:00.000 GMT+0100,1.57725,1.58155,1.57330,1.57635,133101.0313
17.02.2010 15:00:00.000 GMT+0100,1.57635,1.57820,1.56653,1.56700,104024.17050000001
17.02.2010 23:00:00.000 GMT+0100,1.56700,1.56870,1.56405,1.56565,21088.819900000002
18.02.2010 07:00:00.000 GMT+0100,1.56565,1.56815,1.55560,1.55810,124494.1982
18.02.2010 15:00:00.000 GMT+0100,1.55810,1.56755,1.54960,1.55285,107879.8798
18.02.2010 23:00:00.000 GMT+0100,1.55275,1.55400,1.54035,1.54155,25972.46
19.02.2010 07:00:00.000 GMT+0100,1.54155,1.54250,1.53505,1.53970,111545.0889
19.02.2010 15:00:00.000 GMT+0100,1.53970,1.54765,1.53815,1.54700,117740.09890000001
19.02.2010 23:00:00.000 GMT+0100,1.54700,1.54700,1.54700,1.54700,0
20.02.2010 07:00:00.000 GMT+0100,1.54700,1.54700,1.54700,1.54700,0
20.02.2010 15:00:00.000 GMT+0100,1.54700,1.54700,1.54700,1.54700,0
20.02.2010 23:00:00.000 GMT+0100,1.54700,1.54700,1.54700,1.54700,0
21.02.2010 07:00:00.000 GMT+0100,1.54700,1.54700,1.54700,1.54700,0
21.02.2010 15:00:00.000 GMT+0100,1.54700,1.54700,1.54700,1.54700,0
21.02.2010 23:00:00.000 GMT+0100,1.54740,1.54965,1.54305,1.54780,24278.5301
22.02.2010 07:00:00.000 GMT+0100,1.54780,1.55030,1.54475,1.54760,112235.54209999999
22.02.2010 15:00:00.000 GMT+0100,1.54760,1.55205,1.54605,1.54800,111316.59190000001
22.02.2010 23:00:00.000 GMT+0100,1.54790,1.55375,1.54745,1.55270,40897.5399
23.02.2010 07:00:00.000 GMT+0100,1.55270,1.55750,1.53930,1.54395,166159.57029999996
23.02.2010 15:00:00.000 GMT+0100,1.54395,1.54740,1.54045,1.54210,125739.29980000001
23.02.2010 23:00:00.000 GMT+0100,1.54200,1.54615,1.54180,1.54605,38429.6995
24.02.2010 07:00:00.000 GMT+0100,1.54595,1.54760,1.54015,1.54125,129824.43840000001
24.02.2010 15:00:00.000 GMT+0100,1.54125,1.54725,1.53855,1.54075,103758.26900000001
24.02.2010 23:00:00.000 GMT+0100,1.54075,1.54220,1.53240,1.53315,48479.93
25.02.2010 07:00:00.000 GMT+0100,1.53315,1.53435,1.52445,1.52605,99364.96149999999
25.02.2010 15:00:00.000 GMT+0100,1.52610,1.53035,1.51880,1.52625,102744.6997
25.02.2010 23:00:00.000 GMT+0100,1.52625,1.52880,1.52330,1.52805,46068.20019999999
26.02.2010 07:00:00.000 GMT+0100,1.52805,1.53165,1.51770,1.51935,102403.70019999999
26.02.2010 15:00:00.000 GMT+0100,1.51935,1.52665,1.51515,1.52347,98882.47020000001
26.02.2010 23:00:00.000 GMT+0100,1.52347,1.52347,1.52347,1.52347,0
27.02.2010 07:00:00.000 GMT+0100,1.52347,1.52347,1.52347,1.52347,0
27.02.2010 15:00:00.000 GMT+0100,1.52347,1.52347,1.52347,1.52347,0
27.02.2010 23:00:00.000 GMT+0100,1.52347,1.52347,1.52347,1.52347,0
28.02.2010 07:00:00.000 GMT+0100,1.52347,1.52347,1.52347,1.52347,0
28.02.2010 15:00:00.000 GMT+0100,1.52347,1.52347,1.52347,1.52347,0
28.02.2010 23:00:00.000 GMT+0100,1.51540,1.52030,1.51280,1.51580,42689.2004
01.03.2010 07:00:00.000 GMT+0100,1.51580,1.51805,1.47805,1.49265,142089.0313
01.03.2010 15:00:00.000 GMT+0100,1.49270,1.50165,1.48800,1.49890,132649.402
01.03.2010 23:00:00.000 GMT+0100,1.49885,1.49985,1.49020,1.49235,43086.5996
02.03.2010 07:00:00.000 GMT+0100,1.49245,1.49890,1.48540,1.49710,151568.01179999998
02.03.2010 15:00:00.000 GMT+0100,1.49710,1.49865,1.48875,1.49700,116304.66890000002
02.03.2010 23:00:00.000 GMT+0100,1.49700,1.50755,1.49575,1.50370,48866.3302
03.03.2010 07:00:00.000 GMT+0100,1.50375,1.50675,1.49755,1.50525,102525.31010000002
03.03.2010 15:00:00.000 GMT+0100,1.50525,1.51305,1.50310,1.50970,89224.35010000001
03.03.2010 23:00:00.000 GMT+0100,1.50970,1.51070,1.50635,1.50735,35362.5303
04.03.2010 07:00:00.000 GMT+0100,1.50735,1.51190,1.50220,1.51010,101712.17970000001
04.03.2010 15:00:00.000 GMT+0100,1.51010,1.51355,1.50055,1.50300,79194.39980000001
04.03.2010 23:00:00.000 GMT+0100,1.50305,1.50655,1.50200,1.50325,31399.0395
05.03.2010 07:00:00.000 GMT+0100,1.50330,1.50555,1.49920,1.50350,74958.4497
05.03.2010 15:00:00.000 GMT+0100,1.50350,1.51665,1.50115,1.51340,72828.92039999999
05.03.2010 23:00:00.000 GMT+0100,1.51340,1.51340,1.51340,1.51340,0
06.03.2010 07:00:00.000 GMT+0100,1.51340,1.51340,1.51340,1.51340,0
06.03.2010 15:00:00.000 GMT+0100,1.51340,1.51340,1.51340,1.51340,0
06.03.2010 23:00:00.000 GMT+0100,1.51340,1.51340,1.51340,1.51340,0
07.03.2010 07:00:00.000 GMT+0100,1.51340,1.51340,1.51340,1.51340,0
07.03.2010 15:00:00.000 GMT+0100,1.51340,1.51340,1.51340,1.51340,0
07.03.2010 23:00:00.000 GMT+0100,1.51310,1.51860,1.51260,1.51690,51469.2189
08.03.2010 07:00:00.000 GMT+0100,1.51690,1.51960,1.51125,1.51460,124856.01030000001
08.03.2010 15:00:00.000 GMT+0100,1.51460,1.51685,1.50305,1.50650,113801.9401
08.03.2010 23:00:00.000 GMT+0100,1.50650,1.50680,1.49930,1.50170,26877.319999999996
09.03.2010 07:00:00.000 GMT+0100,1.50175,1.50275,1.49355,1.49685,129420.3809
09.03.2010 15:00:00.000 GMT+0100,1.49680,1.50145,1.49545,1.49960,111596.55929999998
09.03.2010 23:00:00.000 GMT+0100,1.49960,1.50155,1.49565,1.49735,28032
10.03.2010 07:00:00.000 GMT+0100,1.49735,1.49805,1.48725,1.49535,137333.1885
10.03.2010 15:00:00.000 GMT+0100,1.49540,1.49935,1.49200,1.49750,84286.05209999999
10.03.2010 23:00:00.000 GMT+0100,1.49750,1.49885,1.49485,1.49745,19105.6698
11.03.2010 07:00:00.000 GMT+0100,1.49745,1.50645,1.49450,1.50160,91199.42940000001
11.03.2010 15:00:00.000 GMT+0100,1.50160,1.50665,1.49915,1.50605,95979.841
11.03.2010 23:00:00.000 GMT+0100,1.50610,1.50865,1.50360,1.50600,21262.3997
12.03.2010 07:00:00.000 GMT+0100,1.50595,1.51725,1.50260,1.51500,123575.0308
12.03.2010 15:00:00.000 GMT+0100,1.51500,1.52170,1.51230,1.52025,81412.8204
12.03.2010 23:00:00.000 GMT+0100,1.52025,1.52025,1.52025,1.52025,0
13.03.2010 07:00:00.000 GMT+0100,1.52025,1.52025,1.52025,1.52025,0
13.03.2010 15:00:00.000 GMT+0100,1.52025,1.52025,1.52025,1.52025,0
13.03.2010 23:00:00.000 GMT+0100,1.52025,1.52025,1.52025,1.52025,0
14.03.2010 07:00:00.000 GMT+0100,1.52025,1.52025,1.52025,1.52025,0
14.03.2010 14:00:00.000 GMT+0100,1.52025,1.52025,1.52025,1.52025,0
14.03.2010 22:00:00.000 GMT+0100,1.51684,1.51975,1.51515,1.51575,37854.629499999995
15.03.2010 06:00:00.000 GMT+0100,1.51575,1.52070,1.50185,1.50525,124127.7632
15.03.2010 14:00:00.000 GMT+0100,1.50525,1.50865,1.50270,1.50560,112543.86840000002
15.03.2010 22:00:00.000 GMT+0100,1.50560,1.50710,1.50395,1.50560,30065.6299
16.03.2010 06:00:00.000 GMT+0100,1.50555,1.51540,1.49775,1.51335,131060.99699999999
16.03.2010 14:00:00.000 GMT+0100,1.51335,1.52595,1.51255,1.52420,145147.2998
16.03.2010 22:00:00.000 GMT+0100,1.52420,1.52575,1.52180,1.52205,43514.6201
17.03.2010 06:00:00.000 GMT+0100,1.52205,1.53815,1.52085,1.53325,157808.0996
17.03.2010 14:00:00.000 GMT+0100,1.53325,1.53685,1.52765,1.53235,128769.4527
17.03.2010 22:00:00.000 GMT+0100,1.53225,1.53285,1.52830,1.52860,23377.7998
18.03.2010 06:00:00.000 GMT+0100,1.52860,1.53275,1.52395,1.52870,99801.94870000001
18.03.2010 14:00:00.000 GMT+0100,1.52865,1.53175,1.52165,1.52410,109988.6984
18.03.2010 22:00:00.000 GMT+0100,1.52405,1.52555,1.52350,1.52410,15477.000100000001
19.03.2010 06:00:00.000 GMT+0100,1.52405,1.52435,1.51270,1.51405,113449.30129999999
19.03.2010 14:00:00.000 GMT+0100,1.51405,1.51630,1.49880,1.50105,96190.65939999999
19.03.2010 22:00:00.000 GMT+0100,1.50105,1.50105,1.50105,1.50105,0
20.03.2010 06:00:00.000 GMT+0100,1.50105,1.50105,1.50105,1.50105,0
20.03.2010 14:00:00.000 GMT+0100,1.50105,1.50105,1.50105,1.50105,0
20.03.2010 22:00:00.000 GMT+0100,1.50105,1.50105,1.50105,1.50105,0
21.03.2010 06:00:00.000 GMT+0100,1.50105,1.50105,1.50105,1.50105,0
21.03.2010 14:00:00.000 GMT+0100,1.50105,1.50105,1.50105,1.50105,0
21.03.2010 22:00:00.000 GMT+0100,1.50223,1.50228,1.49390,1.49625,23826.9
22.03.2010 06:00:00.000 GMT+0100,1.49625,1.50155,1.49310,1.49855,112345.6802
22.03.2010 14:00:00.000 GMT+0100,1.49850,1.51060,1.49730,1.50980,109117.679
22.03.2010 22:00:00.000 GMT+0100,1.50980,1.51120,1.50750,1.50895,20955.8703
23.03.2010 06:00:00.000 GMT+0100,1.50895,1.50915,1.49725,1.50105,121955.6025
23.03.2010 14:00:00.000 GMT+0100,1.50100,1.50870,1.50010,1.50455,112054.09959999999
23.03.2010 22:00:00.000 GMT+0100,1.50455,1.50475,1.49855,1.49905,23417.2101
24.03.2010 06:00:00.000 GMT+0100,1.49900,1.50185,1.48965,1.49050,119584.8008
24.03.2010 14:00:00.000 GMT+0100,1.49055,1.49365,1.48630,1.48655,103050.9107
24.03.2010 22:00:00.000 GMT+0100,1.48635,1.49120,1.48530,1.49020,18895.2299
25.03.2010 06:00:00.000 GMT+0100,1.49025,1.50020,1.48540,1.49185,91515.2605
25.03.2010 14:00:00.000 GMT+0100,1.49185,1.49425,1.47975,1.48105,102807.0106
25.03.2010 22:00:00.000 GMT+0100,1.48095,1.48885,1.48050,1.48830,25803.1698
26.03.2010 06:00:00.000 GMT+0100,1.48825,1.48925,1.48105,1.48580,87302.5005
26.03.2010 14:00:00.000 GMT+0100,1.48580,1.49235,1.48250,1.48950,121314.1585
26.03.2010 22:00:00.000 GMT+0100,1.48950,1.48950,1.48950,1.48950,0
27.03.2010 06:00:00.000 GMT+0100,1.48950,1.48950,1.48950,1.48950,0
27.03.2010 14:00:00.000 GMT+0100,1.48950,1.48950,1.48950,1.48950,0
27.03.2010 22:00:00.000 GMT+0100,1.48950,1.48950,1.48950,1.48950,0
28.03.2010 06:00:00.000 GMT+0100,1.48950,1.48950,1.48950,1.48950,0
28.03.2010 14:00:00.000 GMT+0100,1.48950,1.48950,1.48950,1.48950,0
28.03.2010 22:00:00.000 GMT+0100,1.49135,1.49656,1.48915,1.49220,25667.5999
29.03.2010 06:00:00.000 GMT+0100,1.49210,1.50190,1.49105,1.49605,130472.9794
29.03.2010 14:00:00.000 GMT+0100,1.49605,1.50005,1.49575,1.49850,98647.0293
29.03.2010 22:00:00.000 GMT+0100,1.49850,1.50030,1.49735,1.50030,19471.4001
30.03.2010 06:00:00.000 GMT+0100,1.50030,1.51065,1.49970,1.51065,140706.07809999998
30.03.2010 14:00:00.000 GMT+0100,1.51060,1.51265,1.50550,1.50675,106182.8628
30.03.2010 22:00:00.000 GMT+0100,1.50680,1.50995,1.50565,1.50825,52191.6005
31.03.2010 06:00:00.000 GMT+0100,1.50825,1.51865,1.50430,1.51630,132862.41009999998
31.03.2010 14:00:00.000 GMT+0100,1.51630,1.52035,1.51185,1.51815,98080.69069999998
31.03.2010 22:00:00.000 GMT+0100,1.51810,1.52400,1.51705,1.52055,27743.03
01.04.2010 06:00:00.000 GMT+0100,1.52060,1.52495,1.51795,1.52460,108277.55080000001
01.04.2010 14:00:00.000 GMT+0100,1.52460,1.52980,1.52210,1.52905,75519.1203
01.04.2010 22:00:00.000 GMT+0100,1.52880,1.52960,1.52510,1.52575,19087.829999999998
02.04.2010 06:00:00.000 GMT+0100,1.52575,1.52825,1.52220,1.52230,31833.7001
02.04.2010 14:00:00.000 GMT+0100,1.52230,1.52280,1.51815,1.52035,22169.099799999996
02.04.2010 22:00:00.000 GMT+0100,1.52035,1.52035,1.52035,1.52035,0
03.04.2010 06:00:00.000 GMT+0100,1.52035,1.52035,1.52035,1.52035,0
03.04.2010 14:00:00.000 GMT+0100,1.52035,1.52035,1.52035,1.52035,0
03.04.2010 22:00:00.000 GMT+0100,1.52035,1.52035,1.52035,1.52035,0
04.04.2010 06:00:00.000 GMT+0100,1.52035,1.52035,1.52035,1.52035,0
04.04.2010 14:00:00.000 GMT+0100,1.52035,1.52035,1.52035,1.52035,0
04.04.2010 22:00:00.000 GMT+0100,1.52815,1.52920,1.52485,1.52495,10085.250100000001
05.04.2010 06:00:00.000 GMT+0100,1.52495,1.52775,1.52230,1.52685,30510.170000000002
05.04.2010 14:00:00.000 GMT+0100,1.52685,1.53190,1.52625,1.52935,58774.6385
05.04.2010 22:00:00.000 GMT+0100,1.52930,1.53065,1.52115,1.52175,25878.6305
06.04.2010 06:00:00.000 GMT+0100,1.52175,1.52455,1.51290,1.51550,103385.62229999999
06.04.2010 14:00:00.000 GMT+0100,1.51550,1.52810,1.51485,1.52655,95005.8814
06.04.2010 22:00:00.000 GMT+0100,1.52640,1.52740,1.52335,1.52570,22171.569900000002
07.04.2010 06:00:00.000 GMT+0100,1.52575,1.52860,1.51375,1.51775,121819.2012
07.04.2010 14:00:00.000 GMT+0100,1.51775,1.52795,1.51765,1.52380,108623.2085
07.04.2010 22:00:00.000 GMT+0100,1.52375,1.52435,1.52120,1.52215,19564.1
08.04.2010 06:00:00.000 GMT+0100,1.52215,1.52360,1.51405,1.52130,122304.0513
08.04.2010 14:00:00.000 GMT+0100,1.52125,1.52800,1.51685,1.52785,113593.3518
08.04.2010 22:00:00.000 GMT+0100,1.52785,1.53035,1.52675,1.52690,26872.6001
09.04.2010 06:00:00.000 GMT+0100,1.52685,1.53910,1.52670,1.53430,109175.74070000001
09.04.2010 14:00:00.000 GMT+0100,1.53430,1.53895,1.53165,1.53685,87693.2019
09.04.2010 22:00:00.000 GMT+0100,1.53685,1.53685,1.53685,1.53685,0
10.04.2010 06:00:00.000 GMT+0100,1.53685,1.53685,1.53685,1.53685,0
10.04.2010 14:00:00.000 GMT+0100,1.53685,1.53685,1.53685,1.53685,0
10.04.2010 22:00:00.000 GMT+0100,1.53685,1.53685,1.53685,1.53685,0
11.04.2010 06:00:00.000 GMT+0100,1.53685,1.53685,1.53685,1.53685,0
11.04.2010 14:00:00.000 GMT+0100,1.53685,1.53685,1.53685,1.53685,0
11.04.2010 22:00:00.000 GMT+0100,1.54535,1.54850,1.54050,1.54845,29992.7093
12.04.2010 06:00:00.000 GMT+0100,1.54835,1.54845,1.53650,1.53810,118243.76800000001
12.04.2010 14:00:00.000 GMT+0100,1.53810,1.54200,1.53525,1.53660,90347.5901
12.04.2010 22:00:00.000 GMT+0100,1.53655,1.53805,1.53355,1.53475,34069.8102
13.04.2010 06:00:00.000 GMT+0100,1.53470,1.54355,1.53385,1.54350,120840.4887
13.04.2010 14:00:00.000 GMT+0100,1.54350,1.54485,1.53495,1.53795,98468.6201
13.04.2010 22:00:00.000 GMT+0100,1.53785,1.54265,1.53710,1.54115,29555.9198
14.04.2010 06:00:00.000 GMT+0100,1.54115,1.54570,1.53765,1.54450,123041.2705
14.04.2010 14:00:00.000 GMT+0100,1.54455,1.54905,1.54300,1.54650,96225.24080000001
14.04.2010 22:00:00.000 GMT+0100,1.54645,1.55185,1.54560,1.55055,31987.7997
15.04.2010 06:00:00.000 GMT+0100,1.55055,1.55225,1.53850,1.54405,127470.4809
15.04.2010 14:00:00.000 GMT+0100,1.54405,1.55085,1.54210,1.54930,116221.65139999999
15.04.2010 22:00:00.000 GMT+0100,1.54930,1.55055,1.54115,1.54305,26285.6997
16.04.2010 06:00:00.000 GMT+0100,1.54305,1.54735,1.53650,1.54215,109984.041
16.04.2010 14:00:00.000 GMT+0100,1.54220,1.54470,1.53570,1.53600,99920.10910000002
16.04.2010 22:00:00.000 GMT+0100,1.53600,1.53600,1.53600,1.53600,0
17.04.2010 06:00:00.000 GMT+0100,1.53600,1.53600,1.53600,1.53600,0
17.04.2010 14:00:00.000 GMT+0100,1.53600,1.53600,1.53600,1.53600,0
17.04.2010 22:00:00.000 GMT+0100,1.53600,1.53600,1.53600,1.53600,0
18.04.2010 06:00:00.000 GMT+0100,1.53600,1.53600,1.53600,1.53600,0
18.04.2010 14:00:00.000 GMT+0100,1.53600,1.53600,1.53600,1.53600,0
18.04.2010 22:00:00.000 GMT+0100,1.52782,1.53150,1.52405,1.52660,31496.680200000003
19.04.2010 06:00:00.000 GMT+0100,1.52660,1.52750,1.51915,1.52720,117617.56159999999
19.04.2010 14:00:00.000 GMT+0100,1.52720,1.53400,1.52465,1.53360,108317.1392
19.04.2010 22:00:00.000 GMT+0100,1.53360,1.53425,1.53140,1.53270,26798.42
20.04.2010 06:00:00.000 GMT+0100,1.53270,1.54320,1.52890,1.53705,127764.8677
20.04.2010 14:00:00.000 GMT+0100,1.53705,1.53800,1.53350,1.53575,100523.1004
20.04.2010 22:00:00.000 GMT+0100,1.53565,1.53860,1.53310,1.53580,34543.7999
21.04.2010 06:00:00.000 GMT+0100,1.53580,1.54390,1.53550,1.53845,132764.2895
21.04.2010 14:00:00.000 GMT+0100,1.53850,1.54245,1.53755,1.54095,101782.53069999999
21.04.2010 22:00:00.000 GMT+0100,1.54080,1.54320,1.53990,1.54285,29402.5703
22.04.2010 06:00:00.000 GMT+0100,1.54290,1.54730,1.53610,1.53615,157442.6997
22.04.2010 14:00:00.000 GMT+0100,1.53620,1.53950,1.53415,1.53760,148465.12939999998
22.04.2010 22:00:00.000 GMT+0100,1.53760,1.53975,1.53195,1.53635,34172.4101
23.04.2010 06:00:00.000 GMT+0100,1.53635,1.53975,1.53080,1.53185,141375.8989
23.04.2010 14:00:00.000 GMT+0100,1.53190,1.53780,1.52935,1.53745,106158.5391
23.04.2010 22:00:00.000 GMT+0100,1.53745,1.53745,1.53745,1.53745,0
24.04.2010 06:00:00.000 GMT+0100,1.53745,1.53745,1.53745,1.53745,0
24.04.2010 14:00:00.000 GMT+0100,1.53745,1.53745,1.53745,1.53745,0
24.04.2010 22:00:00.000 GMT+0100,1.53745,1.53745,1.53745,1.53745,0
25.04.2010 06:00:00.000 GMT+0100,1.53745,1.53745,1.53745,1.53745,0
25.04.2010 14:00:00.000 GMT+0100,1.53745,1.53745,1.53745,1.53745,0
25.04.2010 22:00:00.000 GMT+0100,1.53865,1.54425,1.53700,1.54290,25234.8699
26.04.2010 06:00:00.000 GMT+0100,1.54290,1.54975,1.54260,1.54780,139865.0103
26.04.2010 14:00:00.000 GMT+0100,1.54770,1.54855,1.54330,1.54555,152652.90039999998
26.04.2010 22:00:00.000 GMT+0100,1.54555,1.54830,1.54210,1.54510,47374.90089999999
27.04.2010 06:00:00.000 GMT+0100,1.54510,1.54585,1.53205,1.53350,187747.6802
27.04.2010 14:00:00.000 GMT+0100,1.53345,1.53530,1.52390,1.52630,177073.16070000004
27.04.2010 22:00:00.000 GMT+0100,1.52620,1.52875,1.52245,1.52710,38459.450000000004
28.04.2010 06:00:00.000 GMT+0100,1.52705,1.52810,1.51445,1.52270,197244.0616
28.04.2010 14:00:00.000 GMT+0100,1.52270,1.52365,1.51250,1.52065,149621.50199999998
28.04.2010 22:00:00.000 GMT+0100,1.52065,1.52080,1.51465,1.51645,35264.7002
29.04.2010 06:00:00.000 GMT+0100,1.51645,1.52810,1.51420,1.52585,170752.3106
29.04.2010 14:00:00.000 GMT+0100,1.52585,1.53415,1.52205,1.53180,150075.0977
29.04.2010 22:00:00.000 GMT+0100,1.53160,1.53640,1.53140,1.53315,37254.1301
30.04.2010 06:00:00.000 GMT+0100,1.53320,1.53905,1.52905,1.53125,131035.021
30.04.2010 14:00:00.000 GMT+0100,1.53125,1.53315,1.52530,1.52665,110593.36029999999
30.04.2010 22:00:00.000 GMT+0100,1.52665,1.52710,1.52665,1.52710,0
01.05.2010 06:00:00.000 GMT+0100,1.52710,1.52710,1.52710,1.52710,0
01.05.2010 14:00:00.000 GMT+0100,1.52710,1.52710,1.52710,1.52710,0
01.05.2010 22:00:00.000 GMT+0100,1.52710,1.52710,1.52710,1.52710,0
02.05.2010 06:00:00.000 GMT+0100,1.52710,1.52710,1.52710,1.52710,0
02.05.2010 14:00:00.000 GMT+0100,1.52710,1.52710,1.52710,1.52710,0
02.05.2010 22:00:00.000 GMT+0100,1.53240,1.53335,1.52325,1.52375,52140.8395
03.05.2010 06:00:00.000 GMT+0100,1.52375,1.52700,1.52105,1.52440,93660.89889999999
03.05.2010 14:00:00.000 GMT+0100,1.52435,1.52820,1.52150,1.52460,90755.2998
03.05.2010 22:00:00.000 GMT+0100,1.52460,1.52645,1.52310,1.52615,16695.8298
04.05.2010 06:00:00.000 GMT+0100,1.52610,1.52620,1.51510,1.51515,176918.2774
04.05.2010 14:00:00.000 GMT+0100,1.51515,1.51870,1.50905,1.51420,166570.31050000002
04.05.2010 22:00:00.000 GMT+0100,1.51420,1.51545,1.51060,1.51335,25775.3003
05.05.2010 06:00:00.000 GMT+0100,1.51340,1.51725,1.50815,1.50820,139338.7616
05.05.2010 14:00:00.000 GMT+0100,1.50820,1.51455,1.50670,1.51010,167888.98969999998
05.05.2010 22:00:00.000 GMT+0100,1.50995,1.51475,1.50860,1.51115,23584.31
06.05.2010 06:00:00.000 GMT+0100,1.51115,1.51135,1.50110,1.50405,132932.0195
06.05.2010 14:00:00.000 GMT+0100,1.50400,1.50755,1.47085,1.48305,137872.4209
06.05.2010 22:00:00.000 GMT+0100,1.48280,1.49345,1.47185,1.47545,51332.510200000004
07.05.2010 06:00:00.000 GMT+0100,1.47545,1.47625,1.44755,1.46680,100029.9502
07.05.2010 14:00:00.000 GMT+0100,1.46680,1.48250,1.46500,1.48010,89424.3081
07.05.2010 22:00:00.000 GMT+0100,1.48010,1.48010,1.48010,1.48010,0
08.05.2010 06:00:00.000 GMT+0100,1.48010,1.48010,1.48010,1.48010,0
08.05.2010 14:00:00.000 GMT+0100,1.48010,1.48010,1.48010,1.48010,0
08.05.2010 22:00:00.000 GMT+0100,1.48010,1.48010,1.48010,1.48010,0
09.05.2010 06:00:00.000 GMT+0100,1.48010,1.48010,1.48010,1.48010,0
09.05.2010 14:00:00.000 GMT+0100,1.48010,1.48010,1.48010,1.48010,0
09.05.2010 22:00:00.000 GMT+0100,1.48820,1.49065,1.47590,1.48830,32243.399999999998
10.05.2010 06:00:00.000 GMT+0100,1.48830,1.50480,1.48320,1.50425,126794.3894
10.05.2010 14:00:00.000 GMT+0100,1.50425,1.50540,1.48395,1.48450,117883.53000000001
10.05.2010 22:00:00.000 GMT+0100,1.48455,1.48745,1.47755,1.48305,28952.2101
11.05.2010 06:00:00.000 GMT+0100,1.48315,1.48870,1.47195,1.48100,106376.6992
11.05.2010 14:00:00.000 GMT+0100,1.48100,1.50035,1.47885,1.49535,105322.40940000002
11.05.2010 22:00:00.000 GMT+0100,1.49535,1.49705,1.48605,1.48620,30143.420299999998
12.05.2010 06:00:00.000 GMT+0100,1.48620,1.50445,1.48615,1.48905,152121.54630000002
12.05.2010 14:00:00.000 GMT+0100,1.48900,1.48945,1.48180,1.48225,112260.71770000001
12.05.2010 22:00:00.000 GMT+0100,1.48205,1.48680,1.48145,1.48530,30313.8
13.05.2010 06:00:00.000 GMT+0100,1.48530,1.49165,1.46965,1.47030,114319.6406
13.05.2010 14:00:00.000 GMT+0100,1.47030,1.47265,1.45945,1.46115,96747.4209
13.05.2010 22:00:00.000 GMT+0100,1.46115,1.46350,1.45715,1.46230,33161.2
14.05.2010 06:00:00.000 GMT+0100,1.46230,1.46390,1.44955,1.46200,92721.27930000001
14.05.2010 14:00:00.000 GMT+0100,1.46200,1.46300,1.45070,1.45315,84415.35010000001
14.05.2010 22:00:00.000 GMT+0100,1.45315,1.45315,1.45315,1.45315,0
15.05.2010 06:00:00.000 GMT+0100,1.45315,1.45315,1.45315,1.45315,0
15.05.2010 14:00:00.000 GMT+0100,1.45315,1.45315,1.45315,1.45315,0
15.05.2010 22:00:00.000 GMT+0100,1.45315,1.45315,1.45315,1.45315,0
16.05.2010 06:00:00.000 GMT+0100,1.45315,1.45315,1.45315,1.45315,0
16.05.2010 14:00:00.000 GMT+0100,1.45315,1.45315,1.45315,1.45315,0
16.05.2010 22:00:00.000 GMT+0100,1.45168,1.45455,1.42505,1.43525,45131.5991
17.05.2010 06:00:00.000 GMT+0100,1.43530,1.44680,1.43030,1.44125,89738.44149999999
17.05.2010 14:00:00.000 GMT+0100,1.44125,1.45090,1.43625,1.44750,81291.77930000001
17.05.2010 22:00:00.000 GMT+0100,1.44750,1.44915,1.44140,1.44200,31574.2802
18.05.2010 06:00:00.000 GMT+0100,1.44200,1.45185,1.44060,1.44685,109493.3701
18.05.2010 14:00:00.000 GMT+0100,1.44680,1.44965,1.43045,1.43320,101915.9281
18.05.2010 22:00:00.000 GMT+0100,1.43320,1.43355,1.42375,1.42785,34203.649699999994
19.05.2010 06:00:00.000 GMT+0100,1.42785,1.43710,1.42380,1.43245,122328.1006
19.05.2010 14:00:00.000 GMT+0100,1.43240,1.44480,1.43060,1.44420,94656.94120000002
19.05.2010 22:00:00.000 GMT+0100,1.44420,1.44655,1.43745,1.43915,36482.340000000004
20.05.2010 06:00:00.000 GMT+0100,1.43915,1.44085,1.42485,1.42925,113673.96
20.05.2010 14:00:00.000 GMT+0100,1.42920,1.44590,1.42275,1.43640,105191.24020000001
20.05.2010 22:00:00.000 GMT+0100,1.43600,1.44550,1.43265,1.44140,39415.169599999994
21.05.2010 06:00:00.000 GMT+0100,1.44135,1.44730,1.43170,1.43915,104034.1201
21.05.2010 14:00:00.000 GMT+0100,1.43915,1.44955,1.43420,1.44560,110707.5
21.05.2010 22:00:00.000 GMT+0100,1.44560,1.44560,1.44560,1.44560,0
22.05.2010 06:00:00.000 GMT+0100,1.44560,1.44560,1.44560,1.44560,0
22.05.2010 14:00:00.000 GMT+0100,1.44560,1.44560,1.44560,1.44560,0
22.05.2010 22:00:00.000 GMT+0100,1.44560,1.44560,1.44560,1.44560,0
23.05.2010 06:00:00.000 GMT+0100,1.44560,1.44560,1.44560,1.44560,0
23.05.2010 14:00:00.000 GMT+0100,1.44560,1.44560,1.44560,1.44560,0
23.05.2010 22:00:00.000 GMT+0100,1.44595,1.44975,1.44145,1.44850,36098.2999
24.05.2010 06:00:00.000 GMT+0100,1.44850,1.45275,1.43515,1.43915,92956.5195
24.05.2010 14:00:00.000 GMT+0100,1.43915,1.44645,1.43665,1.44235,86694.00099999999
24.05.2010 22:00:00.000 GMT+0100,1.44230,1.44235,1.43350,1.43505,37871.4996
25.05.2010 06:00:00.000 GMT+0100,1.43505,1.43595,1.42580,1.43250,124891.0585
25.05.2010 14:00:00.000 GMT+0100,1.43255,1.44090,1.43055,1.44070,96862.7993
25.05.2010 22:00:00.000 GMT+0100,1.44065,1.44470,1.43640,1.43890,28314.7
26.05.2010 06:00:00.000 GMT+0100,1.43895,1.44365,1.43295,1.43590,108158.6206
26.05.2010 14:00:00.000 GMT+0100,1.43590,1.44425,1.43510,1.43865,99331.0318
26.05.2010 22:00:00.000 GMT+0100,1.43865,1.44670,1.43660,1.44435,31950.6399
27.05.2010 06:00:00.000 GMT+0100,1.44440,1.45860,1.44340,1.44760,119166.75880000001
27.05.2010 14:00:00.000 GMT+0100,1.44760,1.46065,1.44080,1.45800,94615.38840000001
27.05.2010 22:00:00.000 GMT+0100,1.45800,1.45895,1.45320,1.45455,27505.5999
28.05.2010 06:00:00.000 GMT+0100,1.45460,1.46110,1.44900,1.45570,89674.90869999997
28.05.2010 14:00:00.000 GMT+0100,1.45570,1.45900,1.44345,1.44535,114376.3
28.05.2010 22:00:00.000 GMT+0100,1.44535,1.44535,1.44535,1.44535,0
29.05.2010 06:00:00.000 GMT+0100,1.44535,1.44535,1.44535,1.44535,0
29.05.2010 14:00:00.000 GMT+0100,1.44535,1.44535,1.44535,1.44535,0
29.05.2010 22:00:00.000 GMT+0100,1.44535,1.44535,1.44535,1.44535,0
30.05.2010 06:00:00.000 GMT+0100,1.44535,1.44535,1.44535,1.44535,0
30.05.2010 14:00:00.000 GMT+0100,1.44535,1.44535,1.44535,1.44535,0
30.05.2010 22:00:00.000 GMT+0100,1.44150,1.44925,1.44000,1.44710,25270.309500000003
31.05.2010 06:00:00.000 GMT+0100,1.44715,1.45300,1.44435,1.45200,60691.400400000006
31.05.2010 14:00:00.000 GMT+0100,1.45200,1.45470,1.45085,1.45365,44028.099899999994
31.05.2010 22:00:00.000 GMT+0100,1.45325,1.45425,1.44695,1.44825,32848.6005
01.06.2010 06:00:00.000 GMT+0100,1.44825,1.46160,1.44385,1.46055,122756.84760000001
01.06.2010 14:00:00.000 GMT+0100,1.46050,1.47220,1.46035,1.46475,150119.2695
01.06.2010 22:00:00.000 GMT+0100,1.46475,1.47375,1.46290,1.46850,53255.7995
02.06.2010 06:00:00.000 GMT+0100,1.46845,1.47700,1.45860,1.45975,111589.6992
02.06.2010 14:00:00.000 GMT+0100,1.45975,1.46745,1.45530,1.46490,114686.9087
02.06.2010 22:00:00.000 GMT+0100,1.46485,1.46940,1.46345,1.46860,36892.999899999995
03.06.2010 06:00:00.000 GMT+0100,1.46860,1.47425,1.46520,1.46610,118666.7412
03.06.2010 14:00:00.000 GMT+0100,1.46610,1.46635,1.45855,1.46125,117733.99750000001
03.06.2010 22:00:00.000 GMT+0100,1.46100,1.46435,1.46025,1.46325,25788.4998
04.06.2010 06:00:00.000 GMT+0100,1.46330,1.46810,1.45395,1.45800,148546.8013
04.06.2010 14:00:00.000 GMT+0100,1.45825,1.45885,1.44505,1.44515,125816.69969999998
04.06.2010 22:00:00.000 GMT+0100,1.44515,1.44515,1.44515,1.44515,0
05.06.2010 06:00:00.000 GMT+0100,1.44515,1.44515,1.44515,1.44515,0
05.06.2010 14:00:00.000 GMT+0100,1.44515,1.44515,1.44515,1.44515,0
05.06.2010 22:00:00.000 GMT+0100,1.44515,1.44515,1.44515,1.44515,0
06.06.2010 06:00:00.000 GMT+0100,1.44515,1.44515,1.44515,1.44515,0
06.06.2010 14:00:00.000 GMT+0100,1.44515,1.44515,1.44515,1.44515,0
06.06.2010 22:00:00.000 GMT+0100,1.44095,1.44470,1.44005,1.44375,71043.9012
07.06.2010 06:00:00.000 GMT+0100,1.44380,1.45190,1.43875,1.44860,151711.55849999998
07.06.2010 14:00:00.000 GMT+0100,1.44880,1.45625,1.44570,1.44665,157419.9006
07.06.2010 22:00:00.000 GMT+0100,1.44665,1.45110,1.44590,1.44895,28449.8001
08.06.2010 06:00:00.000 GMT+0100,1.44895,1.45280,1.43725,1.43945,152470.1299
08.06.2010 14:00:00.000 GMT+0100,1.43955,1.44755,1.43460,1.44680,152273.7485
08.06.2010 22:00:00.000 GMT+0100,1.44680,1.44730,1.44040,1.44270,26567.690300000002
09.06.2010 06:00:00.000 GMT+0100,1.44270,1.45500,1.43950,1.45295,140510.5966
09.06.2010 14:00:00.000 GMT+0100,1.45295,1.46075,1.45190,1.45275,114288.29980000001
09.06.2010 22:00:00.000 GMT+0100,1.45275,1.45995,1.45085,1.45925,36691.3003
10.06.2010 06:00:00.000 GMT+0100,1.45925,1.46440,1.45600,1.45960,122857.9009
10.06.2010 14:00:00.000 GMT+0100,1.45960,1.47175,1.45950,1.47130,102293.86910000001
10.06.2010 22:00:00.000 GMT+0100,1.47135,1.47295,1.46935,1.47125,39331.270000000004
11.06.2010 06:00:00.000 GMT+0100,1.47125,1.47585,1.45540,1.45610,116588.5796
11.06.2010 14:00:00.000 GMT+0100,1.45610,1.45910,1.45040,1.45485,92529.05910000001
11.06.2010 22:00:00.000 GMT+0100,1.45485,1.45485,1.45485,1.45485,0
12.06.2010 06:00:00.000 GMT+0100,1.45485,1.45485,1.45485,1.45485,0
12.06.2010 14:00:00.000 GMT+0100,1.45485,1.45485,1.45485,1.45485,0
12.06.2010 22:00:00.000 GMT+0100,1.45485,1.45485,1.45485,1.45485,0
13.06.2010 06:00:00.000 GMT+0100,1.45485,1.45485,1.45485,1.45485,0
13.06.2010 14:00:00.000 GMT+0100,1.45485,1.45485,1.45485,1.45485,0
13.06.2010 22:00:00.000 GMT+0100,1.45695,1.46145,1.45495,1.46050,37025.3998
14.06.2010 06:00:00.000 GMT+0100,1.46050,1.47875,1.46010,1.47640,124659.74130000001
14.06.2010 14:00:00.000 GMT+0100,1.47640,1.48085,1.47235,1.47425,105181.2397
14.06.2010 22:00:00.000 GMT+0100,1.47425,1.47675,1.47295,1.47330,34787.8698
15.06.2010 06:00:00.000 GMT+0100,1.47330,1.47825,1.46820,1.47530,166139.9174
15.06.2010 14:00:00.000 GMT+0100,1.47530,1.48360,1.47510,1.48005,99130.4004
15.06.2010 22:00:00.000 GMT+0100,1.48005,1.48195,1.47880,1.48170,23012.0601
16.06.2010 06:00:00.000 GMT+0100,1.48170,1.48315,1.47510,1.48000,114529.89859999999
16.06.2010 14:00:00.000 GMT+0100,1.48000,1.48550,1.47255,1.47285,106103.79830000001
16.06.2010 22:00:00.000 GMT+0100,1.47285,1.47365,1.46860,1.46905,30840.160000000003
17.06.2010 06:00:00.000 GMT+0100,1.46905,1.48370,1.46445,1.48100,92989.3008
17.06.2010 14:00:00.000 GMT+0100,1.48105,1.48375,1.47725,1.48240,85615.2505
17.06.2010 22:00:00.000 GMT+0100,1.48240,1.48431,1.48057,1.48263,25109.7
18.06.2010 06:00:00.000 GMT+0100,1.48266,1.48860,1.47880,1.48075,105755.1602
18.06.2010 14:00:00.000 GMT+0100,1.48075,1.48295,1.47705,1.48195,63556.7002
18.06.2010 22:00:00.000 GMT+0100,1.48195,1.48195,1.48195,1.48195,0
19.06.2010 06:00:00.000 GMT+0100,1.48195,1.48195,1.48195,1.48195,0
19.06.2010 14:00:00.000 GMT+0100,1.48195,1.48195,1.48195,1.48195,0
19.06.2010 22:00:00.000 GMT+0100,1.48195,1.48195,1.48195,1.48195,0
20.06.2010 06:00:00.000 GMT+0100,1.48195,1.48195,1.48195,1.48195,0
20.06.2010 14:00:00.000 GMT+0100,1.48195,1.48195,1.48195,1.48195,0
20.06.2010 22:00:00.000 GMT+0100,1.48595,1.48845,1.48065,1.48820,36922.3003
21.06.2010 06:00:00.000 GMT+0100,1.48825,1.49360,1.48050,1.48250,101650.6992
21.06.2010 14:00:00.000 GMT+0100,1.48250,1.48485,1.47375,1.47545,108816.8091
21.06.2010 22:00:00.000 GMT+0100,1.47535,1.47965,1.47385,1.47635,39736.600000000006
22.06.2010 06:00:00.000 GMT+0100,1.47635,1.47945,1.46875,1.47920,104143.15090000001
22.06.2010 14:00:00.000 GMT+0100,1.47925,1.48590,1.47795,1.48115,91547.60110000001
22.06.2010 22:00:00.000 GMT+0100,1.48110,1.48340,1.48020,1.48230,33326.0004
23.06.2010 06:00:00.000 GMT+0100,1.48240,1.49425,1.48145,1.49315,85930.9492
23.06.2010 14:00:00.000 GMT+0100,1.49310,1.49725,1.48510,1.49555,91581.8201
23.06.2010 22:00:00.000 GMT+0100,1.49545,1.49995,1.49510,1.49770,34214.9997
24.06.2010 06:00:00.000 GMT+0100,1.49775,1.50115,1.49305,1.49790,92570.8008
24.06.2010 14:00:00.000 GMT+0100,1.49790,1.50060,1.49150,1.49335,102558.1806
24.06.2010 22:00:00.000 GMT+0100,1.49335,1.49610,1.49165,1.49430,31378.9399
25.06.2010 06:00:00.000 GMT+0100,1.49440,1.49740,1.48555,1.49425,85956.2002
25.06.2010 14:00:00.000 GMT+0100,1.49420,1.50770,1.49320,1.50560,94410.71969999999
25.06.2010 22:00:00.000 GMT+0100,1.50560,1.50560,1.50560,1.50560,0
26.06.2010 06:00:00.000 GMT+0100,1.50560,1.50560,1.50560,1.50560,0
26.06.2010 14:00:00.000 GMT+0100,1.50560,1.50560,1.50560,1.50560,0
26.06.2010 22:00:00.000 GMT+0100,1.50560,1.50560,1.50560,1.50560,0
27.06.2010 06:00:00.000 GMT+0100,1.50560,1.50560,1.50560,1.50560,0
27.06.2010 14:00:00.000 GMT+0100,1.50560,1.50560,1.50560,1.50560,0
27.06.2010 22:00:00.000 GMT+0100,1.50535,1.50715,1.50305,1.50525,27745.2002
28.06.2010 06:00:00.000 GMT+0100,1.50525,1.50740,1.50165,1.50660,110453.4312
28.06.2010 14:00:00.000 GMT+0100,1.50660,1.51275,1.50530,1.51030,129578.2101
28.06.2010 22:00:00.000 GMT+0100,1.51020,1.51195,1.50820,1.50985,29980.5001
29.06.2010 06:00:00.000 GMT+0100,1.50985,1.50985,1.50120,1.50900,90526.1591
29.06.2010 14:00:00.000 GMT+0100,1.50900,1.51050,1.50345,1.50660,88838.40019999999
29.06.2010 22:00:00.000 GMT+0100,1.50660,1.50735,1.50280,1.50655,34210.89950000001
30.06.2010 06:00:00.000 GMT+0100,1.50655,1.50680,1.49630,1.49670,90679.459
30.06.2010 14:00:00.000 GMT+0100,1.49670,1.50020,1.49350,1.49425,118374.08010000002
30.06.2010 22:00:00.000 GMT+0100,1.49425,1.49740,1.49130,1.49325,43867.100000000006
01.07.2010 06:00:00.000 GMT+0100,1.49330,1.50675,1.48730,1.50580,104594.84090000001
01.07.2010 14:00:00.000 GMT+0100,1.50580,1.51900,1.50440,1.51735,115574.21160000002
01.07.2010 22:00:00.000 GMT+0100,1.51725,1.51975,1.51529,1.51745,23259.5898
02.07.2010 06:00:00.000 GMT+0100,1.51745,1.52290,1.51495,1.51910,73224.7207
02.07.2010 14:00:00.000 GMT+0100,1.51910,1.52105,1.51605,1.51925,82131.40009999998
02.07.2010 22:00:00.000 GMT+0100,1.51925,1.51925,1.51925,1.51925,0
03.07.2010 06:00:00.000 GMT+0100,1.51925,1.51925,1.51925,1.51925,0
03.07.2010 14:00:00.000 GMT+0100,1.51925,1.51925,1.51925,1.51925,0
03.07.2010 22:00:00.000 GMT+0100,1.51925,1.51925,1.51925,1.51925,0
04.07.2010 06:00:00.000 GMT+0100,1.51925,1.51925,1.51925,1.51925,0
04.07.2010 14:00:00.000 GMT+0100,1.51925,1.51925,1.51925,1.51925,0
04.07.2010 22:00:00.000 GMT+0100,1.52025,1.52027,1.51645,1.51795,26058.1397
05.07.2010 06:00:00.000 GMT+0100,1.51795,1.51980,1.51155,1.51320,85832.3594
05.07.2010 14:00:00.000 GMT+0100,1.51320,1.51395,1.50895,1.51335,49939.4008
05.07.2010 22:00:00.000 GMT+0100,1.51330,1.51580,1.50810,1.51530,47995.0991
06.07.2010 06:00:00.000 GMT+0100,1.51530,1.52070,1.51350,1.51800,109333.54980000001
06.07.2010 14:00:00.000 GMT+0100,1.51800,1.52265,1.51295,1.51465,110782.86709999999
06.07.2010 22:00:00.000 GMT+0100,1.51455,1.51590,1.51130,1.51300,28445.8002
07.07.2010 06:00:00.000 GMT+0100,1.51295,1.51495,1.50810,1.51370,126389.90239999999
07.07.2010 14:00:00.000 GMT+0100,1.51375,1.52185,1.51375,1.51880,116292.60990000001
07.07.2010 22:00:00.000 GMT+0100,1.51860,1.52285,1.51690,1.51880,51994.500799999994
08.07.2010 06:00:00.000 GMT+0100,1.51880,1.52405,1.51220,1.51615,87439.8496
08.07.2010 14:00:00.000 GMT+0100,1.51615,1.51715,1.51015,1.51635,91364.0288
08.07.2010 22:00:00.000 GMT+0100,1.51635,1.51670,1.51315,1.51525,19152.1701
09.07.2010 06:00:00.000 GMT+0100,1.51525,1.52045,1.50785,1.50975,83020.8813
09.07.2010 14:00:00.000 GMT+0100,1.50980,1.51255,1.50500,1.50625,77320.69919999999
09.07.2010 22:00:00.000 GMT+0100,1.50625,1.50625,1.50625,1.50625,0
10.07.2010 06:00:00.000 GMT+0100,1.50625,1.50625,1.50625,1.50625,0
10.07.2010 14:00:00.000 GMT+0100,1.50625,1.50625,1.50625,1.50625,0
10.07.2010 22:00:00.000 GMT+0100,1.50625,1.50625,1.50625,1.50625,0
11.07.2010 06:00:00.000 GMT+0100,1.50625,1.50625,1.50625,1.50625,0
11.07.2010 14:00:00.000 GMT+0100,1.50625,1.50625,1.50625,1.50625,0
11.07.2010 22:00:00.000 GMT+0100,1.50775,1.50784,1.50015,1.50220,37885.3007
12.07.2010 06:00:00.000 GMT+0100,1.50225,1.50570,1.49480,1.50455,109166.7593
12.07.2010 14:00:00.000 GMT+0100,1.50455,1.50855,1.49940,1.50315,109965.6008
12.07.2010 22:00:00.000 GMT+0100,1.50250,1.50460,1.50135,1.50255,24526.0997
13.07.2010 06:00:00.000 GMT+0100,1.50255,1.51390,1.49645,1.51310,133442.00100000002
13.07.2010 14:00:00.000 GMT+0100,1.51310,1.51910,1.51310,1.51750,142279.999
13.07.2010 22:00:00.000 GMT+0100,1.51740,1.52420,1.51695,1.52220,41915.1997
14.07.2010 06:00:00.000 GMT+0100,1.52220,1.52905,1.51880,1.52290,129284.8008
14.07.2010 14:00:00.000 GMT+0100,1.52290,1.52970,1.52035,1.52660,112695.81980000001
14.07.2010 22:00:00.000 GMT+0100,1.52640,1.52790,1.52355,1.52660,32937.000100000005
15.07.2010 06:00:00.000 GMT+0100,1.52660,1.53715,1.52525,1.53695,140545.2382
15.07.2010 14:00:00.000 GMT+0100,1.53695,1.54710,1.53475,1.54580,131649.36190000002
15.07.2010 22:00:00.000 GMT+0100,1.54628,1.54628,1.54090,1.54155,30488.9199
16.07.2010 06:00:00.000 GMT+0100,1.54155,1.54470,1.53570,1.53835,126662.00000000001
16.07.2010 14:00:00.000 GMT+0100,1.53835,1.53880,1.52780,1.53000,101938.2002
16.07.2010 22:00:00.000 GMT+0100,1.53000,1.53000,1.53000,1.53000,0
17.07.2010 06:00:00.000 GMT+0100,1.53000,1.53000,1.53000,1.53000,0
17.07.2010 14:00:00.000 GMT+0100,1.53000,1.53000,1.53000,1.53000,0
17.07.2010 22:00:00.000 GMT+0100,1.53000,1.53000,1.53000,1.53000,0
18.07.2010 06:00:00.000 GMT+0100,1.53000,1.53000,1.53000,1.53000,0
18.07.2010 14:00:00.000 GMT+0100,1.53000,1.53000,1.53000,1.53000,0
18.07.2010 22:00:00.000 GMT+0100,1.52750,1.53210,1.52695,1.53080,22424.1996
19.07.2010 06:00:00.000 GMT+0100,1.53085,1.53515,1.52470,1.52550,123091.8296
19.07.2010 14:00:00.000 GMT+0100,1.52550,1.52605,1.52025,1.52280,97537.45950000001
19.07.2010 22:00:00.000 GMT+0100,1.52280,1.52695,1.52100,1.52585,31926.6692
20.07.2010 06:00:00.000 GMT+0100,1.52585,1.53090,1.51530,1.51795,174870.4397
20.07.2010 14:00:00.000 GMT+0100,1.51790,1.53050,1.51570,1.52625,118159.72869999999
20.07.2010 22:00:00.000 GMT+0100,1.52595,1.52950,1.52575,1.52830,31260.1203
21.07.2010 06:00:00.000 GMT+0100,1.52830,1.53355,1.51855,1.52400,129377.9004
21.07.2010 14:00:00.000 GMT+0100,1.52400,1.52410,1.51235,1.51620,100004.5285
21.07.2010 22:00:00.000 GMT+0100,1.51620,1.51900,1.51590,1.51855,25048.700200000003
22.07.2010 06:00:00.000 GMT+0100,1.51855,1.52955,1.51500,1.52475,110395.7885
22.07.2010 14:00:00.000 GMT+0100,1.52470,1.52865,1.52335,1.52570,90165.70900000002
22.07.2010 22:00:00.000 GMT+0100,1.52570,1.52895,1.52503,1.52880,33428.4999
23.07.2010 06:00:00.000 GMT+0100,1.52880,1.54490,1.52585,1.53960,113725.7901
23.07.2010 14:00:00.000 GMT+0100,1.53960,1.54395,1.53460,1.54230,91132.3203
23.07.2010 22:00:00.000 GMT+0100,1.54230,1.54230,1.54230,1.54230,0
24.07.2010 06:00:00.000 GMT+0100,1.54230,1.54230,1.54230,1.54230,0
24.07.2010 14:00:00.000 GMT+0100,1.54230,1.54230,1.54230,1.54230,0
24.07.2010 22:00:00.000 GMT+0100,1.54230,1.54230,1.54230,1.54230,0
25.07.2010 06:00:00.000 GMT+0100,1.54230,1.54230,1.54230,1.54230,0
25.07.2010 14:00:00.000 GMT+0100,1.54230,1.54230,1.54230,1.54230,0
25.07.2010 22:00:00.000 GMT+0100,1.54155,1.54655,1.54060,1.54475,34008.2
26.07.2010 06:00:00.000 GMT+0100,1.54475,1.55140,1.54355,1.55040,114017.2608
26.07.2010 14:00:00.000 GMT+0100,1.55040,1.55190,1.54505,1.54885,92458.2988
26.07.2010 22:00:00.000 GMT+0100,1.54827,1.55035,1.54780,1.54895,29505.9004
27.07.2010 06:00:00.000 GMT+0100,1.54900,1.55770,1.54420,1.55470,140810.17179999998
27.07.2010 14:00:00.000 GMT+0100,1.55465,1.55990,1.55075,1.55915,103674.6989
27.07.2010 22:00:00.000 GMT+0100,1.55915,1.55945,1.55620,1.55830,32150.3007
28.07.2010 06:00:00.000 GMT+0100,1.55835,1.56255,1.55450,1.55985,118626.5513
28.07.2010 14:00:00.000 GMT+0100,1.55985,1.56375,1.55710,1.55975,102917.0493
28.07.2010 22:00:00.000 GMT+0100,1.55945,1.56225,1.55835,1.56215,28270.1396
29.07.2010 06:00:00.000 GMT+0100,1.56225,1.56620,1.56000,1.56185,109362.40039999998
29.07.2010 14:00:00.000 GMT+0100,1.56185,1.56565,1.55800,1.56110,115031.68949999998
29.07.2010 22:00:00.000 GMT+0100,1.56105,1.56285,1.55970,1.56275,29288.8201
30.07.2010 06:00:00.000 GMT+0100,1.56280,1.56550,1.55510,1.55900,110780.829
30.07.2010 14:00:00.000 GMT+0100,1.55900,1.57205,1.55800,1.56845,97164.2695
30.07.2010 22:00:00.000 GMT+0100,1.56845,1.56845,1.56845,1.56845,0
31.07.2010 06:00:00.000 GMT+0100,1.56845,1.56845,1.56845,1.56845,0
31.07.2010 14:00:00.000 GMT+0100,1.56845,1.56845,1.56845,1.56845,0
31.07.2010 22:00:00.000 GMT+0100,1.56845,1.56845,1.56810,1.56810,0
01.08.2010 06:00:00.000 GMT+0100,1.56810,1.56810,1.56810,1.56810,0
01.08.2010 14:00:00.000 GMT+0100,1.56810,1.56810,1.56810,1.56810,0
01.08.2010 22:00:00.000 GMT+0100,1.57037,1.57340,1.56950,1.57170,28824.2001
02.08.2010 06:00:00.000 GMT+0100,1.57170,1.58760,1.57170,1.58640,126644.7778
02.08.2010 14:00:00.000 GMT+0100,1.58645,1.59070,1.58300,1.58855,118330.89790000001
02.08.2010 22:00:00.000 GMT+0100,1.58855,1.58990,1.58589,1.58760,21773.9001
03.08.2010 06:00:00.000 GMT+0100,1.58760,1.59675,1.58655,1.59425,128034.5488
03.08.2010 14:00:00.000 GMT+0100,1.59430,1.59555,1.58890,1.59510,94719.03
03.08.2010 22:00:00.000 GMT+0100,1.59505,1.59630,1.59150,1.59265,31813.7103
04.08.2010 06:00:00.000 GMT+0100,1.59265,1.59625,1.58915,1.59325,103398.0205
04.08.2010 14:00:00.000 GMT+0100,1.59325,1.59445,1.58555,1.58825,86630.0996
04.08.2010 22:00:00.000 GMT+0100,1.58815,1.59105,1.58720,1.58805,23773.7999
05.08.2010 06:00:00.000 GMT+0100,1.58805,1.59235,1.58200,1.59090,82038
05.08.2010 14:00:00.000 GMT+0100,1.59085,1.59085,1.58230,1.58950,61156.8999
05.08.2010 22:00:00.000 GMT+0100,1.58935,1.59000,1.58650,1.58785,19094.100199999997
06.08.2010 06:00:00.000 GMT+0100,1.58785,1.59490,1.58400,1.59450,73336.0407
06.08.2010 14:00:00.000 GMT+0100,1.59450,1.59975,1.59150,1.59415,88173.0503
06.08.2010 22:00:00.000 GMT+0100,1.59415,1.59415,1.59415,1.59415,0
07.08.2010 06:00:00.000 GMT+0100,1.59415,1.59415,1.59415,1.59415,0
07.08.2010 14:00:00.000 GMT+0100,1.59415,1.59415,1.59415,1.59415,0
07.08.2010 22:00:00.000 GMT+0100,1.59415,1.59415,1.59415,1.59415,0
08.08.2010 06:00:00.000 GMT+0100,1.59415,1.59415,1.59415,1.59415,0
08.08.2010 14:00:00.000 GMT+0100,1.59415,1.59415,1.59415,1.59415,0
08.08.2010 22:00:00.000 GMT+0100,1.59640,1.59950,1.59545,1.59705,24058.0002
09.08.2010 06:00:00.000 GMT+0100,1.59705,1.59935,1.59305,1.59535,106276.8198
09.08.2010 14:00:00.000 GMT+0100,1.59535,1.59665,1.58920,1.58920,100178.02979999999
09.08.2010 22:00:00.000 GMT+0100,1.58920,1.59050,1.57735,1.57965,54206.340000000004
10.08.2010 06:00:00.000 GMT+0100,1.57965,1.58265,1.57135,1.57430,133798.3604
10.08.2010 14:00:00.000 GMT+0100,1.57430,1.59080,1.57100,1.58510,127908.85310000002
10.08.2010 22:00:00.000 GMT+0100,1.58505,1.58610,1.57675,1.58125,45269.01060000001
11.08.2010 06:00:00.000 GMT+0100,1.58125,1.58235,1.56665,1.57045,126236.14009999999
11.08.2010 14:00:00.000 GMT+0100,1.57050,1.57110,1.56280,1.56570,115837.1497
11.08.2010 22:00:00.000 GMT+0100,1.56555,1.56885,1.56155,1.56790,50616.400200000004
12.08.2010 06:00:00.000 GMT+0100,1.56790,1.57135,1.55650,1.55920,119787.86089999999
12.08.2010 14:00:00.000 GMT+0100,1.55930,1.56175,1.55615,1.55765,86997.7895
12.08.2010 22:00:00.000 GMT+0100,1.55765,1.56385,1.55635,1.56205,36407.8
13.08.2010 06:00:00.000 GMT+0100,1.56200,1.56785,1.55730,1.56005,112039.7715
13.08.2010 14:00:00.000 GMT+0100,1.56005,1.56205,1.55750,1.55920,99964.06760000001
13.08.2010 22:00:00.000 GMT+0100,1.55920,1.55920,1.55920,1.55920,0
14.08.2010 06:00:00.000 GMT+0100,1.55920,1.55920,1.55920,1.55920,0
14.08.2010 14:00:00.000 GMT+0100,1.55920,1.55920,1.55920,1.55920,0
14.08.2010 22:00:00.000 GMT+0100,1.55920,1.55920,1.55920,1.55920,0
15.08.2010 06:00:00.000 GMT+0100,1.55920,1.55920,1.55920,1.55920,0
15.08.2010 14:00:00.000 GMT+0100,1.55920,1.55920,1.55920,1.55920,0
15.08.2010 22:00:00.000 GMT+0100,1.56095,1.56120,1.55345,1.55880,42912.4005
16.08.2010 06:00:00.000 GMT+0100,1.55880,1.56690,1.55525,1.56580,121514.5996
16.08.2010 14:00:00.000 GMT+0100,1.56580,1.57020,1.56250,1.56625,88802.8592
16.08.2010 22:00:00.000 GMT+0100,1.56615,1.56800,1.56365,1.56770,32823.25
17.08.2010 06:00:00.000 GMT+0100,1.56770,1.56955,1.56085,1.56305,124055.75
17.08.2010 14:00:00.000 GMT+0100,1.56305,1.56440,1.55510,1.55850,117370.48049999999
17.08.2010 22:00:00.000 GMT+0100,1.55855,1.55865,1.55395,1.55530,29778.0104
18.08.2010 06:00:00.000 GMT+0100,1.55525,1.56870,1.54975,1.56700,111015.1817
18.08.2010 14:00:00.000 GMT+0100,1.56700,1.56735,1.55720,1.55935,101984.1982
18.08.2010 22:00:00.000 GMT+0100,1.55935,1.56070,1.55500,1.55550,31533.3502
19.08.2010 06:00:00.000 GMT+0100,1.55550,1.56655,1.55090,1.56575,119467.78129999999
19.08.2010 14:00:00.000 GMT+0100,1.56575,1.56705,1.55715,1.56005,103404.7102
19.08.2010 22:00:00.000 GMT+0100,1.56005,1.56035,1.55630,1.55705,38456.3003
20.08.2010 06:00:00.000 GMT+0100,1.55705,1.55880,1.54620,1.55115,110644.70019999998
20.08.2010 14:00:00.000 GMT+0100,1.55115,1.55435,1.54755,1.55335,79504.10010000001
20.08.2010 22:00:00.000 GMT+0100,1.55335,1.55335,1.55335,1.55335,0
21.08.2010 06:00:00.000 GMT+0100,1.55335,1.55335,1.55335,1.55335,0
21.08.2010 14:00:00.000 GMT+0100,1.55335,1.55335,1.55335,1.55335,0
21.08.2010 22:00:00.000 GMT+0100,1.55335,1.55335,1.55335,1.55335,0
22.08.2010 06:00:00.000 GMT+0100,1.55335,1.55335,1.55335,1.55335,0
22.08.2010 14:00:00.000 GMT+0100,1.55335,1.55335,1.55335,1.55335,0
22.08.2010 22:00:00.000 GMT+0100,1.55295,1.55735,1.55266,1.55680,32434.3998
23.08.2010 06:00:00.000 GMT+0100,1.55670,1.56190,1.55260,1.55335,100224.0704
23.08.2010 14:00:00.000 GMT+0100,1.55335,1.55780,1.54995,1.55125,95635.8008
23.08.2010 22:00:00.000 GMT+0100,1.55125,1.55130,1.54220,1.54305,44900.6504
24.08.2010 06:00:00.000 GMT+0100,1.54305,1.54375,1.53715,1.53950,117865.3886
24.08.2010 14:00:00.000 GMT+0100,1.53950,1.54810,1.53885,1.53935,106531.4004
24.08.2010 22:00:00.000 GMT+0100,1.53935,1.54435,1.53900,1.54255,32986.19990000001
25.08.2010 06:00:00.000 GMT+0100,1.54250,1.54605,1.53890,1.54350,148053.79979999998
25.08.2010 14:00:00.000 GMT+0100,1.54350,1.54705,1.54225,1.54585,157195.59909999996
25.08.2010 22:00:00.000 GMT+0100,1.54535,1.55635,1.54535,1.55480,64790.0008
26.08.2010 06:00:00.000 GMT+0100,1.55480,1.55880,1.55060,1.55215,158363.91790000003
26.08.2010 14:00:00.000 GMT+0100,1.55215,1.55970,1.55120,1.55265,139650.6202
26.08.2010 22:00:00.000 GMT+0100,1.55255,1.55335,1.55140,1.55235,42631.079999999994
27.08.2010 06:00:00.000 GMT+0100,1.55230,1.55430,1.54670,1.55000,153491.1992
27.08.2010 14:00:00.000 GMT+0100,1.55000,1.55330,1.54415,1.55265,108370.4995
27.08.2010 22:00:00.000 GMT+0100,1.55265,1.55265,1.55265,1.55265,0
28.08.2010 06:00:00.000 GMT+0100,1.55265,1.55265,1.55265,1.55265,0
28.08.2010 14:00:00.000 GMT+0100,1.55265,1.55265,1.55265,1.55265,0
28.08.2010 22:00:00.000 GMT+0100,1.55265,1.55265,1.55265,1.55265,0
29.08.2010 06:00:00.000 GMT+0100,1.55265,1.55265,1.55265,1.55265,0
29.08.2010 14:00:00.000 GMT+0100,1.55265,1.55265,1.55265,1.55265,0
29.08.2010 22:00:00.000 GMT+0100,1.55300,1.55575,1.55135,1.55200,37206.5506
30.08.2010 06:00:00.000 GMT+0100,1.55200,1.55755,1.55090,1.55265,92366.81929999999
30.08.2010 14:00:00.000 GMT+0100,1.55265,1.55330,1.54555,1.54595,83521.8999
30.08.2010 22:00:00.000 GMT+0100,1.54595,1.54735,1.54525,1.54630,32519.499900000003
31.08.2010 06:00:00.000 GMT+0100,1.54630,1.54645,1.53615,1.53895,143122.6309
31.08.2010 14:00:00.000 GMT+0100,1.53925,1.54150,1.53260,1.53465,127036.7993
31.08.2010 22:00:00.000 GMT+0100,1.53465,1.53920,1.53355,1.53805,47703.2005
01.09.2010 06:00:00.000 GMT+0100,1.53805,1.54680,1.53370,1.54610,139769.7002
01.09.2010 14:00:00.000 GMT+0100,1.54610,1.54910,1.54365,1.54525,99697.6802
01.09.2010 22:00:00.000 GMT+0100,1.54525,1.54625,1.54278,1.54405,36175.1502
02.09.2010 06:00:00.000 GMT+0100,1.54405,1.54470,1.53630,1.53645,116802.00099999999
02.09.2010 14:00:00.000 GMT+0100,1.53645,1.54040,1.53500,1.54000,82567.16890000002
02.09.2010 22:00:00.000 GMT+0100,1.54000,1.54275,1.53885,1.54165,33286.600099999996
03.09.2010 06:00:00.000 GMT+0100,1.54165,1.54665,1.53910,1.54330,98141.15090000001
03.09.2010 14:00:00.000 GMT+0100,1.54340,1.54680,1.54210,1.54495,82753.2775
03.09.2010 22:00:00.000 GMT+0100,1.54495,1.54495,1.54495,1.54495,0
04.09.2010 06:00:00.000 GMT+0100,1.54495,1.54495,1.54495,1.54495,0
04.09.2010 14:00:00.000 GMT+0100,1.54495,1.54495,1.54495,1.54495,0
04.09.2010 22:00:00.000 GMT+0100,1.54495,1.54495,1.54495,1.54495,0
05.09.2010 06:00:00.000 GMT+0100,1.54495,1.54495,1.54495,1.54495,0
05.09.2010 14:00:00.000 GMT+0100,1.54495,1.54495,1.54495,1.54495,0
05.09.2010 22:00:00.000 GMT+0100,1.54300,1.54785,1.54250,1.54710,23105.1501
06.09.2010 06:00:00.000 GMT+0100,1.54710,1.54885,1.53450,1.53765,98272.5105
06.09.2010 14:00:00.000 GMT+0100,1.53765,1.54155,1.53670,1.53930,42562.2002
06.09.2010 22:00:00.000 GMT+0100,1.53915,1.54005,1.53520,1.53760,43356.4995
07.09.2010 06:00:00.000 GMT+0100,1.53760,1.54235,1.53050,1.53180,144755.3598
07.09.2010 14:00:00.000 GMT+0100,1.53180,1.53755,1.52965,1.53570,132443.4995
07.09.2010 22:00:00.000 GMT+0100,1.53570,1.53840,1.53430,1.53780,36562.0397
08.09.2010 06:00:00.000 GMT+0100,1.53780,1.54935,1.53700,1.54375,154440.29929999998
08.09.2010 14:00:00.000 GMT+0100,1.54395,1.55325,1.54330,1.54695,120996.6792
08.09.2010 22:00:00.000 GMT+0100,1.54685,1.54770,1.54410,1.54590,38568.499599999996
09.09.2010 06:00:00.000 GMT+0100,1.54590,1.54745,1.53755,1.54185,142424.9985
09.09.2010 14:00:00.000 GMT+0100,1.54185,1.54770,1.54135,1.54280,120017.2505
09.09.2010 22:00:00.000 GMT+0100,1.54275,1.54360,1.53915,1.54165,22573.6998
10.09.2010 06:00:00.000 GMT+0100,1.54165,1.54660,1.53645,1.54020,138882.3902
10.09.2010 14:00:00.000 GMT+0100,1.54020,1.54110,1.53440,1.53560,112116.85889999999
10.09.2010 22:00:00.000 GMT+0100,1.53560,1.53560,1.53560,1.53560,0
11.09.2010 06:00:00.000 GMT+0100,1.53560,1.53560,1.53560,1.53560,0
11.09.2010 14:00:00.000 GMT+0100,1.53560,1.53560,1.53560,1.53560,0
11.09.2010 22:00:00.000 GMT+0100,1.53560,1.53560,1.53560,1.53560,0
12.09.2010 06:00:00.000 GMT+0100,1.53560,1.53560,1.53560,1.53560,0
12.09.2010 14:00:00.000 GMT+0100,1.53560,1.53560,1.53560,1.53560,0
12.09.2010 22:00:00.000 GMT+0100,1.53555,1.54205,1.53485,1.54160,29438.3098
13.09.2010 06:00:00.000 GMT+0100,1.54160,1.54875,1.53890,1.54235,110285.8183
13.09.2010 14:00:00.000 GMT+0100,1.54235,1.54655,1.53965,1.54280,119386.29980000001
13.09.2010 22:00:00.000 GMT+0100,1.54270,1.54295,1.53755,1.54050,41206.0492
14.09.2010 06:00:00.000 GMT+0100,1.54050,1.54420,1.53470,1.54085,102358.30079999998
14.09.2010 14:00:00.000 GMT+0100,1.54085,1.55865,1.54050,1.55385,95011.0093
14.09.2010 22:00:00.000 GMT+0100,1.55385,1.55560,1.54695,1.54885,55726.19040000001
15.09.2010 06:00:00.000 GMT+0100,1.54885,1.55685,1.54485,1.55440,117229.23049999999
15.09.2010 14:00:00.000 GMT+0100,1.55435,1.56510,1.55200,1.56225,106024.8814
15.09.2010 22:00:00.000 GMT+0100,1.56225,1.56475,1.55950,1.55990,36022.6994
16.09.2010 06:00:00.000 GMT+0100,1.55990,1.56290,1.55375,1.55795,103975.47999999998
16.09.2010 14:00:00.000 GMT+0100,1.55795,1.56475,1.55790,1.56260,113484.15039999998
16.09.2010 22:00:00.000 GMT+0100,1.56205,1.56840,1.55950,1.56755,42683.9
17.09.2010 06:00:00.000 GMT+0100,1.56755,1.57280,1.56170,1.56425,97936.6088
17.09.2010 14:00:00.000 GMT+0100,1.56425,1.56760,1.56115,1.56260,87687.79859999998
17.09.2010 22:00:00.000 GMT+0100,1.56260,1.56260,1.56260,1.56260,0
18.09.2010 06:00:00.000 GMT+0100,1.56260,1.56260,1.56260,1.56260,0
18.09.2010 14:00:00.000 GMT+0100,1.56260,1.56260,1.56260,1.56260,0
18.09.2010 22:00:00.000 GMT+0100,1.56260,1.56260,1.56260,1.56260,0
19.09.2010 06:00:00.000 GMT+0100,1.56260,1.56260,1.56260,1.56260,0
19.09.2010 14:00:00.000 GMT+0100,1.56260,1.56260,1.56260,1.56260,0
19.09.2010 22:00:00.000 GMT+0100,1.56482,1.56850,1.56351,1.56695,24603.6
20.09.2010 06:00:00.000 GMT+0100,1.56695,1.56830,1.55605,1.55660,107882.3184
20.09.2010 14:00:00.000 GMT+0100,1.55660,1.55960,1.55360,1.55445,96346.2105
20.09.2010 22:00:00.000 GMT+0100,1.55445,1.55855,1.55411,1.55700,46174.9495
21.09.2010 06:00:00.000 GMT+0100,1.55700,1.55855,1.55030,1.55370,100051.1104
21.09.2010 14:00:00.000 GMT+0100,1.55375,1.56430,1.55295,1.56204,94114.2783
21.09.2010 22:00:00.000 GMT+0100,1.56210,1.56660,1.56008,1.56580,36648.599799999996
22.09.2010 06:00:00.000 GMT+0100,1.56580,1.57150,1.56035,1.56295,112951.94920000002
22.09.2010 14:00:00.000 GMT+0100,1.56295,1.56900,1.56135,1.56630,118568.87159999998
22.09.2010 22:00:00.000 GMT+0100,1.56630,1.56695,1.56340,1.56550,32076.5897
23.09.2010 06:00:00.000 GMT+0100,1.56550,1.57070,1.56110,1.56785,91800.11910000001
23.09.2010 14:00:00.000 GMT+0100,1.56785,1.57405,1.56670,1.56820,92868.0191
23.09.2010 22:00:00.000 GMT+0100,1.56810,1.56980,1.56590,1.56765,24983.9001
24.09.2010 06:00:00.000 GMT+0100,1.56765,1.57950,1.56400,1.57915,82231.40139999999
24.09.2010 14:00:00.000 GMT+0100,1.57915,1.58435,1.57725,1.58135,93941.60940000002
24.09.2010 22:00:00.000 GMT+0100,1.58135,1.58135,1.58135,1.58135,0
25.09.2010 06:00:00.000 GMT+0100,1.58135,1.58135,1.58135,1.58135,0
25.09.2010 14:00:00.000 GMT+0100,1.58135,1.58135,1.58135,1.58135,0
25.09.2010 22:00:00.000 GMT+0100,1.58135,1.58135,1.58135,1.58135,0
26.09.2010 06:00:00.000 GMT+0100,1.58135,1.58135,1.58135,1.58135,0
26.09.2010 14:00:00.000 GMT+0100,1.58135,1.58135,1.58135,1.58135,0
26.09.2010 22:00:00.000 GMT+0100,1.58150,1.58430,1.58060,1.58235,29608.7697
27.09.2010 06:00:00.000 GMT+0100,1.58235,1.58650,1.57870,1.58545,138406.7403
27.09.2010 14:00:00.000 GMT+0100,1.58545,1.58665,1.58075,1.58265,107535.99999999999
27.09.2010 22:00:00.000 GMT+0100,1.58265,1.58420,1.58015,1.58288,33613.270300000004
28.09.2010 06:00:00.000 GMT+0100,1.58305,1.58950,1.57795,1.58500,166909.0097
28.09.2010 14:00:00.000 GMT+0100,1.58500,1.58500,1.57185,1.58000,122183.68970000002
28.09.2010 22:00:00.000 GMT+0100,1.58000,1.58345,1.57965,1.58270,24903.4997
29.09.2010 06:00:00.000 GMT+0100,1.58270,1.58740,1.57615,1.57910,208783.3799
29.09.2010 14:00:00.000 GMT+0100,1.57905,1.58170,1.57745,1.57835,144790.7812
29.09.2010 22:00:00.000 GMT+0100,1.57835,1.58475,1.57820,1.58460,36910.2005
30.09.2010 06:00:00.000 GMT+0100,1.58460,1.59225,1.57925,1.58205,164803.10159999997
30.09.2010 14:00:00.000 GMT+0100,1.58205,1.58360,1.56690,1.57155,122552.14940000001
30.09.2010 22:00:00.000 GMT+0100,1.57155,1.57480,1.57075,1.57480,33710.0003
01.10.2010 06:00:00.000 GMT+0100,1.57480,1.58725,1.57030,1.58345,129128.52
01.10.2010 14:00:00.000 GMT+0100,1.58345,1.58465,1.57905,1.58170,102462.5611
01.10.2010 22:00:00.000 GMT+0100,1.58170,1.58170,1.58170,1.58170,0
02.10.2010 06:00:00.000 GMT+0100,1.58170,1.58170,1.58170,1.58170,0
02.10.2010 14:00:00.000 GMT+0100,1.58170,1.58170,1.58170,1.58170,0
02.10.2010 22:00:00.000 GMT+0100,1.58170,1.58170,1.58170,1.58170,0
03.10.2010 06:00:00.000 GMT+0100,1.58170,1.58170,1.58170,1.58170,0
03.10.2010 14:00:00.000 GMT+0100,1.58170,1.58170,1.58170,1.58170,0
03.10.2010 22:00:00.000 GMT+0100,1.57983,1.58255,1.57800,1.58095,22663.7999
04.10.2010 06:00:00.000 GMT+0100,1.58095,1.58545,1.57485,1.58385,99431.64060000001
04.10.2010 14:00:00.000 GMT+0100,1.58385,1.58700,1.58230,1.58285,76875.5
04.10.2010 22:00:00.000 GMT+0100,1.58280,1.58430,1.57970,1.58300,34246.6304
05.10.2010 06:00:00.000 GMT+0100,1.58300,1.59135,1.57515,1.58825,115909.6905
05.10.2010 14:00:00.000 GMT+0100,1.58825,1.59295,1.58550,1.58890,130977.58009999999
05.10.2010 22:00:00.000 GMT+0100,1.58890,1.59185,1.58815,1.59020,24605.0001
06.10.2010 06:00:00.000 GMT+0100,1.59020,1.59390,1.58330,1.58515,153256.50040000002
06.10.2010 14:00:00.000 GMT+0100,1.58515,1.59135,1.58490,1.58910,109234.36090000001
06.10.2010 22:00:00.000 GMT+0100,1.58910,1.58970,1.58465,1.58750,24739.420299999998
07.10.2010 06:00:00.000 GMT+0100,1.58750,1.60175,1.58570,1.59920,130701.94870000001
07.10.2010 14:00:00.000 GMT+0100,1.59920,1.59920,1.58260,1.58765,100369.72149999999
07.10.2010 22:00:00.000 GMT+0100,1.58750,1.58990,1.58589,1.58945,21675.8001
08.10.2010 06:00:00.000 GMT+0100,1.58945,1.59315,1.58230,1.58775,104796.6998
08.10.2010 14:00:00.000 GMT+0100,1.58775,1.59650,1.58610,1.59615,80936.3602
08.10.2010 22:00:00.000 GMT+0100,1.59615,1.59615,1.59615,1.59615,0
09.10.2010 06:00:00.000 GMT+0100,1.59615,1.59615,1.59615,1.59615,0
09.10.2010 14:00:00.000 GMT+0100,1.59615,1.59615,1.59615,1.59615,0
09.10.2010 22:00:00.000 GMT+0100,1.59615,1.59615,1.59615,1.59615,0
10.10.2010 06:00:00.000 GMT+0100,1.59615,1.59615,1.59615,1.59615,0
10.10.2010 14:00:00.000 GMT+0100,1.59615,1.59615,1.59615,1.59615,0
10.10.2010 22:00:00.000 GMT+0100,1.59503,1.59630,1.59270,1.59365,22008.5
11.10.2010 06:00:00.000 GMT+0100,1.59365,1.59605,1.59135,1.59360,133184.47699999998
11.10.2010 14:00:00.000 GMT+0100,1.59355,1.59425,1.58675,1.58810,115473.8609
11.10.2010 22:00:00.000 GMT+0100,1.58810,1.59150,1.58680,1.58895,42167.799999999996
12.10.2010 06:00:00.000 GMT+0100,1.58895,1.59165,1.57940,1.58530,151865.7978
12.10.2010 14:00:00.000 GMT+0100,1.58535,1.58555,1.57550,1.58085,116811.20920000001
12.10.2010 22:00:00.000 GMT+0100,1.58090,1.58280,1.57740,1.58260,50944.0997
13.10.2010 06:00:00.000 GMT+0100,1.58265,1.58875,1.58260,1.58400,137680.7695
13.10.2010 14:00:00.000 GMT+0100,1.58405,1.59080,1.58055,1.58965,118243.6001
13.10.2010 22:00:00.000 GMT+0100,1.58960,1.59935,1.58870,1.59760,56738.8502
14.10.2010 06:00:00.000 GMT+0100,1.59760,1.60660,1.59705,1.60230,124988.999
14.10.2010 14:00:00.000 GMT+0100,1.60220,1.60245,1.59710,1.60095,103336.35109999999
14.10.2010 22:00:00.000 GMT+0100,1.60095,1.60240,1.59715,1.60145,39053.4601
15.10.2010 06:00:00.000 GMT+0100,1.60145,1.61055,1.60055,1.60300,97667.67150000001
15.10.2010 14:00:00.000 GMT+0100,1.60305,1.60665,1.59750,1.59900,74825.1807
15.10.2010 22:00:00.000 GMT+0100,1.59900,1.59900,1.59900,1.59900,0
16.10.2010 06:00:00.000 GMT+0100,1.59900,1.59900,1.59900,1.59900,0
16.10.2010 14:00:00.000 GMT+0100,1.59900,1.59900,1.59900,1.59900,0
16.10.2010 22:00:00.000 GMT+0100,1.59900,1.59900,1.59900,1.59900,0
17.10.2010 06:00:00.000 GMT+0100,1.59900,1.59900,1.59900,1.59900,0
17.10.2010 14:00:00.000 GMT+0100,1.59900,1.59900,1.59900,1.59900,0
17.10.2010 22:00:00.000 GMT+0100,1.59722,1.60035,1.59150,1.59435,34426.3001
18.10.2010 06:00:00.000 GMT+0100,1.59440,1.59510,1.58370,1.59055,116811.1499
18.10.2010 14:00:00.000 GMT+0100,1.59065,1.59420,1.58695,1.58750,119324.1001
18.10.2010 22:00:00.000 GMT+0100,1.58735,1.59410,1.58630,1.58735,46997.5205
19.10.2010 06:00:00.000 GMT+0100,1.58735,1.58860,1.57130,1.57260,124692.20169999999
19.10.2010 14:00:00.000 GMT+0100,1.57260,1.57425,1.56790,1.57040,117073.9302
19.10.2010 22:00:00.000 GMT+0100,1.57030,1.57450,1.56500,1.57265,37732.4603
20.10.2010 06:00:00.000 GMT+0100,1.57265,1.57670,1.56825,1.57460,107019.7695
20.10.2010 14:00:00.000 GMT+0100,1.57460,1.58775,1.57320,1.58485,102644.1307
20.10.2010 22:00:00.000 GMT+0100,1.58485,1.58495,1.57830,1.57850,32719.0397
21.10.2010 06:00:00.000 GMT+0100,1.57850,1.58270,1.57275,1.57505,126722.26950000001
21.10.2010 14:00:00.000 GMT+0100,1.57505,1.57880,1.56855,1.57030,112761.4806
21.10.2010 22:00:00.000 GMT+0100,1.57030,1.57330,1.56925,1.57290,28507.66
22.10.2010 06:00:00.000 GMT+0100,1.57305,1.57500,1.56565,1.57180,113303.5473
22.10.2010 14:00:00.000 GMT+0100,1.57180,1.57245,1.56520,1.56835,86976.3011
22.10.2010 22:00:00.000 GMT+0100,1.56835,1.56835,1.56835,1.56835,0
23.10.2010 06:00:00.000 GMT+0100,1.56835,1.56835,1.56835,1.56835,0
23.10.2010 14:00:00.000 GMT+0100,1.56835,1.56835,1.56835,1.56835,0
23.10.2010 22:00:00.000 GMT+0100,1.56835,1.56835,1.56835,1.56835,0
24.10.2010 06:00:00.000 GMT+0100,1.56835,1.56835,1.56835,1.56835,0
24.10.2010 14:00:00.000 GMT+0100,1.56835,1.56835,1.56835,1.56835,0
24.10.2010 22:00:00.000 GMT+0100,1.56780,1.57686,1.56612,1.57661,87110.9497
25.10.2010 06:00:00.000 GMT+0100,1.57657,1.57716,1.57028,1.57168,60226.2993
25.10.2010 14:00:00.000 GMT+0100,1.57166,1.57681,1.57049,1.57212,32200.7002
25.10.2010 22:00:00.000 GMT+0100,1.57212,1.57474,1.56904,1.57240,28363.7995
26.10.2010 06:00:00.000 GMT+0100,1.57238,1.58956,1.57232,1.58569,39565.1995
26.10.2010 14:00:00.000 GMT+0100,1.58566,1.58775,1.58062,1.58441,34307.5003
26.10.2010 22:00:00.000 GMT+0100,1.58441,1.58636,1.58169,1.58289,29655.200100000002
27.10.2010 06:00:00.000 GMT+0100,1.58289,1.58654,1.57584,1.58121,40480.4004
27.10.2010 14:00:00.000 GMT+0100,1.58115,1.58347,1.57300,1.57670,40865.29979999999
27.10.2010 22:00:00.000 GMT+0100,1.57670,1.58075,1.57651,1.58016,30683.599800000004
28.10.2010 06:00:00.000 GMT+0100,1.58016,1.59379,1.57617,1.59181,48904.1001
28.10.2010 14:00:00.000 GMT+0100,1.59180,1.59776,1.59078,1.59451,36462.5
28.10.2010 22:00:00.000 GMT+0100,1.59451,1.59658,1.59294,1.59351,31043.1005
29.10.2010 06:00:00.000 GMT+0100,1.59351,1.59922,1.58769,1.59890,37324.500799999994
29.10.2010 14:00:00.000 GMT+0100,1.59895,1.60440,1.59540,1.60355,36222.8996
29.10.2010 22:00:00.000 GMT+0100,1.60355,1.60355,1.60355,1.60355,0
30.10.2010 06:00:00.000 GMT+0100,1.60355,1.60355,1.60355,1.60355,0
30.10.2010 14:00:00.000 GMT+0100,1.60355,1.60355,1.60355,1.60355,0
30.10.2010 22:00:00.000 GMT+0100,1.60355,1.60355,1.60355,1.60355,0
31.10.2010 06:00:00.000 GMT+0100,1.60355,1.60355,1.60355,1.60355,0
31.10.2010 14:00:00.000 GMT+0100,1.60355,1.60355,1.60355,1.60355,0
31.10.2010 22:00:00.000 GMT+0100,1.60428,1.60678,1.59898,1.60584,26722.6997
01.11.2010 06:00:00.000 GMT+0100,1.60578,1.60886,1.60211,1.60563,34210.2
01.11.2010 14:00:00.000 GMT+0100,1.60558,1.60843,1.60074,1.60338,34519.299999999996
01.11.2010 22:00:00.000 GMT+0100,1.60344,1.60654,1.60300,1.60529,26883.400299999998
02.11.2010 06:00:00.000 GMT+0100,1.60529,1.60792,1.59614,1.60238,38956.09910000001
02.11.2010 14:00:00.000 GMT+0100,1.60238,1.60404,1.59998,1.60397,36279.4001
02.11.2010 22:00:00.000 GMT+0100,1.60394,1.60473,1.60231,1.60341,30032.2998
03.11.2010 06:00:00.000 GMT+0100,1.60341,1.61561,1.60065,1.61182,37552.0994
03.11.2010 14:00:00.000 GMT+0100,1.61182,1.61708,1.60310,1.60795,42973.399999999994
03.11.2010 22:00:00.000 GMT+0100,1.60795,1.61334,1.60764,1.61212,29862.7
04.11.2010 06:00:00.000 GMT+0100,1.61212,1.62760,1.61006,1.62750,38035.599799999996
04.11.2010 14:00:00.000 GMT+0100,1.62750,1.62981,1.62375,1.62670,36573.8001
04.11.2010 22:00:00.000 GMT+0100,1.62671,1.62942,1.62548,1.62594,28370.7997
05.11.2010 06:00:00.000 GMT+0100,1.62594,1.62647,1.61661,1.62129,39517.100099999996
05.11.2010 14:00:00.000 GMT+0100,1.62143,1.62603,1.61783,1.61783,34017.8998
05.11.2010 22:00:00.000 GMT+0100,1.61783,1.61783,1.61783,1.61783,0
06.11.2010 06:00:00.000 GMT+0100,1.61783,1.61783,1.61783,1.61783,0
06.11.2010 14:00:00.000 GMT+0100,1.61783,1.61783,1.61783,1.61783,0
06.11.2010 22:00:00.000 GMT+0100,1.61783,1.61783,1.61783,1.61783,0
07.11.2010 06:00:00.000 GMT+0100,1.61783,1.61783,1.61783,1.61783,0
07.11.2010 07:00:00.000 GMT+0100,1.61783,1.61783,1.61783,1.61783,0
07.11.2010 15:00:00.000 GMT+0100,1.61783,1.61783,1.61783,1.61783,0
07.11.2010 23:00:00.000 GMT+0100,1.61943,1.62122,1.61039,1.61335,30839.7002
08.11.2010 07:00:00.000 GMT+0100,1.61333,1.61663,1.61084,1.61578,34977.6995
08.11.2010 15:00:00.000 GMT+0100,1.61571,1.61571,1.61171,1.61346,33173.399900000004
08.11.2010 23:00:00.000 GMT+0100,1.61346,1.61510,1.60652,1.61145,31085.9004
09.11.2010 07:00:00.000 GMT+0100,1.61144,1.61833,1.60735,1.61548,36970.0994
09.11.2010 15:00:00.000 GMT+0100,1.61541,1.61678,1.59515,1.59836,35517.2996
09.11.2010 23:00:00.000 GMT+0100,1.59836,1.60207,1.59658,1.60022,30186.3
10.11.2010 07:00:00.000 GMT+0100,1.60030,1.61033,1.59603,1.61012,40501.5999
10.11.2010 15:00:00.000 GMT+0100,1.61022,1.61353,1.60163,1.61196,35704.8999
10.11.2010 23:00:00.000 GMT+0100,1.61196,1.61711,1.61061,1.61367,28938.599800000004
11.11.2010 07:00:00.000 GMT+0100,1.61367,1.61786,1.61024,1.61399,35692.7002
11.11.2010 15:00:00.000 GMT+0100,1.61399,1.61606,1.60809,1.61221,34897.299699999996
11.11.2010 23:00:00.000 GMT+0100,1.61221,1.61331,1.60447,1.60578,31480.6
12.11.2010 07:00:00.000 GMT+0100,1.60580,1.61408,1.59859,1.61368,38040
12.11.2010 15:00:00.000 GMT+0100,1.61368,1.61833,1.61118,1.61122,35159.7998
12.11.2010 23:00:00.000 GMT+0100,1.61122,1.61122,1.61122,1.61122,0
13.11.2010 07:00:00.000 GMT+0100,1.61122,1.61122,1.61122,1.61122,0
13.11.2010 15:00:00.000 GMT+0100,1.61122,1.61122,1.61122,1.61122,0
13.11.2010 23:00:00.000 GMT+0100,1.61122,1.61122,1.61122,1.61122,0
14.11.2010 07:00:00.000 GMT+0100,1.61122,1.61122,1.61122,1.61122,0
14.11.2010 15:00:00.000 GMT+0100,1.61122,1.61122,1.61122,1.61122,0
14.11.2010 23:00:00.000 GMT+0100,1.61448,1.61529,1.61004,1.61179,13887.5002
15.11.2010 07:00:00.000 GMT+0100,1.61179,1.61293,1.60411,1.60938,24541.6996
15.11.2010 15:00:00.000 GMT+0100,1.60943,1.61229,1.60437,1.60511,19972.599899999997
15.11.2010 23:00:00.000 GMT+0100,1.60498,1.60801,1.60274,1.60576,11422.7
16.11.2010 07:00:00.000 GMT+0100,1.60577,1.60851,1.59801,1.60019,25117.7
16.11.2010 15:00:00.000 GMT+0100,1.60019,1.60181,1.58384,1.58832,24569.999900000003
16.11.2010 23:00:00.000 GMT+0100,1.58824,1.58991,1.58614,1.58876,12672.6
17.11.2010 07:00:00.000 GMT+0100,1.58881,1.59363,1.58541,1.58976,22704.7999
17.11.2010 15:00:00.000 GMT+0100,1.58974,1.59477,1.58880,1.59060,21203.5999
17.11.2010 23:00:00.000 GMT+0100,1.59031,1.59283,1.58871,1.59184,13295.5001
18.11.2010 07:00:00.000 GMT+0100,1.59184,1.60289,1.58894,1.60013,27029.6002
18.11.2010 15:00:00.000 GMT+0100,1.60013,1.60549,1.59829,1.60399,21755.5003
18.11.2010 23:00:00.000 GMT+0100,1.60399,1.60529,1.60131,1.60364,10591.8
19.11.2010 07:00:00.000 GMT+0100,1.60365,1.60937,1.59625,1.59698,23424.8002
19.11.2010 15:00:00.000 GMT+0100,1.59693,1.59940,1.59358,1.59767,18726.3001
19.11.2010 23:00:00.000 GMT+0100,1.59767,1.59767,1.59767,1.59767,0
20.11.2010 07:00:00.000 GMT+0100,1.59767,1.59767,1.59767,1.59767,0
20.11.2010 15:00:00.000 GMT+0100,1.59767,1.59767,1.59767,1.59767,0
20.11.2010 23:00:00.000 GMT+0100,1.59767,1.59767,1.59767,1.59767,0
21.11.2010 07:00:00.000 GMT+0100,1.59767,1.59767,1.59767,1.59767,0
21.11.2010 15:00:00.000 GMT+0100,1.59767,1.59767,1.59767,1.59767,0
21.11.2010 23:00:00.000 GMT+0100,1.59791,1.60191,1.59669,1.60140,10776.1
22.11.2010 07:00:00.000 GMT+0100,1.60142,1.60841,1.59478,1.59588,19438.4002
22.11.2010 15:00:00.000 GMT+0100,1.59590,1.59775,1.58980,1.59541,20464.9
22.11.2010 23:00:00.000 GMT+0100,1.59504,1.59636,1.59186,1.59479,11760.3
23.11.2010 07:00:00.000 GMT+0100,1.59482,1.59510,1.58924,1.59096,27721.2
23.11.2010 15:00:00.000 GMT+0100,1.59098,1.59256,1.57585,1.57739,23950.7
23.11.2010 23:00:00.000 GMT+0100,1.57718,1.58362,1.57635,1.58233,12700.599900000001
24.11.2010 07:00:00.000 GMT+0100,1.58234,1.58356,1.57412,1.58047,29587.800199999998
24.11.2010 15:00:00.000 GMT+0100,1.58045,1.58122,1.57586,1.57710,20519.8999
24.11.2010 23:00:00.000 GMT+0100,1.57710,1.57903,1.57433,1.57513,9749.2
25.11.2010 07:00:00.000 GMT+0100,1.57510,1.57934,1.57254,1.57579,43026.5995
25.11.2010 15:00:00.000 GMT+0100,1.57579,1.57921,1.57482,1.57536,10794.300000000001
25.11.2010 23:00:00.000 GMT+0100,1.57545,1.57707,1.57249,1.57289,8442.8
26.11.2010 07:00:00.000 GMT+0100,1.57289,1.57419,1.56111,1.56265,26992.2999
26.11.2010 15:00:00.000 GMT+0100,1.56261,1.56428,1.55753,1.55907,15619.5998
26.11.2010 23:00:00.000 GMT+0100,1.55907,1.55907,1.55907,1.55907,0
27.11.2010 07:00:00.000 GMT+0100,1.55907,1.55907,1.55907,1.55907,0
27.11.2010 15:00:00.000 GMT+0100,1.55907,1.55907,1.55907,1.55907,0
27.11.2010 23:00:00.000 GMT+0100,1.55907,1.55907,1.55907,1.55907,0
28.11.2010 07:00:00.000 GMT+0100,1.55907,1.55907,1.55907,1.55907,0
28.11.2010 15:00:00.000 GMT+0100,1.55907,1.55907,1.55907,1.55907,0
28.11.2010 23:00:00.000 GMT+0100,1.55889,1.56098,1.55596,1.56059,12350.4
29.11.2010 07:00:00.000 GMT+0100,1.56059,1.56461,1.55560,1.55569,29457.3
29.11.2010 15:00:00.000 GMT+0100,1.55567,1.55767,1.55270,1.55706,50557.80059999999
29.11.2010 23:00:00.000 GMT+0100,1.55706,1.55716,1.55235,1.55479,27387.3998
30.11.2010 07:00:00.000 GMT+0100,1.55479,1.55708,1.54841,1.55044,65562.2991
30.11.2010 15:00:00.000 GMT+0100,1.55043,1.55949,1.54958,1.55606,56301.900299999994
30.11.2010 23:00:00.000 GMT+0100,1.55606,1.55925,1.55484,1.55775,23307.499799999998
01.12.2010 07:00:00.000 GMT+0100,1.55775,1.56481,1.55534,1.56098,59846.4997
01.12.2010 15:00:00.000 GMT+0100,1.56098,1.56362,1.55471,1.56208,54935.59880000001
01.12.2010 23:00:00.000 GMT+0100,1.56176,1.56258,1.55924,1.56121,17294.5
02.12.2010 07:00:00.000 GMT+0100,1.56121,1.56671,1.55153,1.55225,61353.40039999999
02.12.2010 15:00:00.000 GMT+0100,1.55228,1.56114,1.55112,1.55989,53544.798800000004
02.12.2010 23:00:00.000 GMT+0100,1.55987,1.56200,1.55805,1.56190,17258.5001
03.12.2010 07:00:00.000 GMT+0100,1.56191,1.57050,1.56027,1.56999,62539.500499999995
03.12.2010 15:00:00.000 GMT+0100,1.57005,1.57869,1.56523,1.57683,50246.2997
03.12.2010 23:00:00.000 GMT+0100,1.57683,1.57683,1.57683,1.57683,0
04.12.2010 07:00:00.000 GMT+0100,1.57683,1.57683,1.57683,1.57683,0
04.12.2010 15:00:00.000 GMT+0100,1.57683,1.57683,1.57683,1.57683,0
04.12.2010 23:00:00.000 GMT+0100,1.57683,1.57683,1.57683,1.57683,0
05.12.2010 07:00:00.000 GMT+0100,1.57683,1.57683,1.57683,1.57683,0
05.12.2010 15:00:00.000 GMT+0100,1.57683,1.57683,1.57683,1.57683,0
05.12.2010 23:00:00.000 GMT+0100,1.57571,1.57737,1.57299,1.57402,18111.9
06.12.2010 07:00:00.000 GMT+0100,1.57402,1.57572,1.56550,1.56808,50624.3008
06.12.2010 15:00:00.000 GMT+0100,1.56808,1.57356,1.56618,1.57144,39886.6
06.12.2010 23:00:00.000 GMT+0100,1.57144,1.57598,1.57022,1.57517,19914.199800000002
07.12.2010 07:00:00.000 GMT+0100,1.57520,1.58215,1.57356,1.58000,54266.2004
07.12.2010 15:00:00.000 GMT+0100,1.58002,1.58200,1.57494,1.57569,55559.10059999999
07.12.2010 23:00:00.000 GMT+0100,1.57541,1.57636,1.56999,1.57003,22002.7998
08.12.2010 07:00:00.000 GMT+0100,1.57003,1.58125,1.56677,1.57993,63502.999500000005
08.12.2010 15:00:00.000 GMT+0100,1.57992,1.58356,1.57591,1.58025,46400.40099999999
08.12.2010 23:00:00.000 GMT+0100,1.57978,1.58328,1.57879,1.58217,19456.199800000002
09.12.2010 07:00:00.000 GMT+0100,1.58220,1.58403,1.57351,1.57969,57050.500499999995
09.12.2010 15:00:00.000 GMT+0100,1.57969,1.58122,1.57108,1.57688,47748.600099999996
09.12.2010 23:00:00.000 GMT+0100,1.57641,1.57831,1.57471,1.57787,13390.7001
10.12.2010 07:00:00.000 GMT+0100,1.57792,1.58614,1.57780,1.57991,52428.2998
10.12.2010 15:00:00.000 GMT+0100,1.57996,1.58185,1.57559,1.58002,38163.80040000001
10.12.2010 23:00:00.000 GMT+0100,1.58002,1.58002,1.58002,1.58002,0
11.12.2010 07:00:00.000 GMT+0100,1.58002,1.58002,1.58002,1.58002,0
11.12.2010 15:00:00.000 GMT+0100,1.58002,1.58002,1.58002,1.58002,0
11.12.2010 23:00:00.000 GMT+0100,1.58002,1.58002,1.58002,1.58002,0
12.12.2010 07:00:00.000 GMT+0100,1.58002,1.58002,1.58002,1.58002,0
12.12.2010 15:00:00.000 GMT+0100,1.58002,1.58002,1.58002,1.58002,0
12.12.2010 23:00:00.000 GMT+0100,1.57943,1.58055,1.57775,1.57858,17104.8998
13.12.2010 07:00:00.000 GMT+0100,1.57858,1.57934,1.57189,1.57530,56886.8002
13.12.2010 15:00:00.000 GMT+0100,1.57529,1.58965,1.57480,1.58611,56772
13.12.2010 23:00:00.000 GMT+0100,1.58611,1.58731,1.58437,1.58653,18647.0001
14.12.2010 07:00:00.000 GMT+0100,1.58653,1.59103,1.58008,1.58136,62111.40089999999
14.12.2010 15:00:00.000 GMT+0100,1.58137,1.58177,1.57387,1.57734,55864.69899999999
14.12.2010 23:00:00.000 GMT+0100,1.57732,1.57732,1.57404,1.57486,24292.5998
15.12.2010 07:00:00.000 GMT+0100,1.57486,1.57676,1.56214,1.56449,65539.6997
15.12.2010 15:00:00.000 GMT+0100,1.56449,1.56511,1.55301,1.55425,59772.5998
15.12.2010 23:00:00.000 GMT+0100,1.55420,1.55636,1.55394,1.55591,15506.7
16.12.2010 07:00:00.000 GMT+0100,1.55591,1.56314,1.55537,1.56177,53805.4997
16.12.2010 15:00:00.000 GMT+0100,1.56177,1.56354,1.55607,1.56306,45454.4011
16.12.2010 23:00:00.000 GMT+0100,1.56306,1.56458,1.56132,1.56164,17601.4
17.12.2010 07:00:00.000 GMT+0100,1.56164,1.56438,1.55204,1.55422,55530.8994
17.12.2010 15:00:00.000 GMT+0100,1.55428,1.55464,1.54538,1.55324,42207.7991
17.12.2010 23:00:00.000 GMT+0100,1.55324,1.55324,1.55324,1.55324,0
18.12.2010 07:00:00.000 GMT+0100,1.55324,1.55324,1.55324,1.55324,0
18.12.2010 15:00:00.000 GMT+0100,1.55324,1.55324,1.55324,1.55324,0
18.12.2010 23:00:00.000 GMT+0100,1.55324,1.55324,1.55324,1.55324,0
19.12.2010 07:00:00.000 GMT+0100,1.55324,1.55324,1.55324,1.55324,0
19.12.2010 15:00:00.000 GMT+0100,1.55324,1.55324,1.55324,1.55324,0
19.12.2010 23:00:00.000 GMT+0100,1.55141,1.55275,1.54756,1.55161,17909.884000000002
20.12.2010 07:00:00.000 GMT+0100,1.55161,1.55759,1.55097,1.55477,55276.797999999995
20.12.2010 15:00:00.000 GMT+0100,1.55475,1.55580,1.54798,1.55117,43133.8839
20.12.2010 23:00:00.000 GMT+0100,1.55117,1.55530,1.54990,1.55404,15849.49
21.12.2010 07:00:00.000 GMT+0100,1.55404,1.55675,1.54528,1.55013,58231.14050000001
21.12.2010 15:00:00.000 GMT+0100,1.55011,1.55134,1.54350,1.54688,45496.2035
21.12.2010 23:00:00.000 GMT+0100,1.54688,1.54863,1.54569,1.54750,13629.021499999999
22.12.2010 07:00:00.000 GMT+0100,1.54747,1.54931,1.54176,1.54271,52531.585300000006
22.12.2010 15:00:00.000 GMT+0100,1.54272,1.54284,1.53559,1.53835,41269.19729999999
22.12.2010 23:00:00.000 GMT+0100,1.53840,1.54336,1.53825,1.54245,11541.2432
23.12.2010 07:00:00.000 GMT+0100,1.54245,1.54361,1.53729,1.54099,47128.258799999996
23.12.2010 15:00:00.000 GMT+0100,1.54099,1.54363,1.53911,1.54262,37370.4374
23.12.2010 23:00:00.000 GMT+0100,1.54234,1.54480,1.54191,1.54307,12306.8993
24.12.2010 07:00:00.000 GMT+0100,1.54312,1.54748,1.54165,1.54320,23923.3599
24.12.2010 15:00:00.000 GMT+0100,1.54315,1.54477,1.54253,1.54375,8504.321899999999
24.12.2010 23:00:00.000 GMT+0100,1.54375,1.54375,1.54375,1.54375,0
25.12.2010 07:00:00.000 GMT+0100,1.54375,1.54375,1.54375,1.54375,0
25.12.2010 15:00:00.000 GMT+0100,1.54375,1.54375,1.54375,1.54375,0
25.12.2010 23:00:00.000 GMT+0100,1.54375,1.54375,1.54375,1.54375,0
26.12.2010 07:00:00.000 GMT+0100,1.54375,1.54375,1.54375,1.54375,0
26.12.2010 15:00:00.000 GMT+0100,1.54375,1.54375,1.54375,1.54375,0
26.12.2010 23:00:00.000 GMT+0100,1.54363,1.54428,1.53940,1.54295,12953.277499999998
27.12.2010 07:00:00.000 GMT+0100,1.54289,1.54566,1.53936,1.54110,33242.7097
27.12.2010 15:00:00.000 GMT+0100,1.54108,1.54204,1.53689,1.54184,27332.0999
27.12.2010 23:00:00.000 GMT+0100,1.54184,1.54880,1.54105,1.54759,17868.9499
28.12.2010 07:00:00.000 GMT+0100,1.54759,1.55104,1.54114,1.54722,39397.7102
28.12.2010 15:00:00.000 GMT+0100,1.54722,1.54790,1.53439,1.53653,30658.509899999997
28.12.2010 23:00:00.000 GMT+0100,1.53649,1.54064,1.53499,1.53902,18572.2304
29.12.2010 07:00:00.000 GMT+0100,1.53900,1.54105,1.53611,1.53944,44130.2605
29.12.2010 15:00:00.000 GMT+0100,1.53946,1.55173,1.53904,1.54984,36074.66
29.12.2010 23:00:00.000 GMT+0100,1.54978,1.55281,1.54822,1.55147,13657.820000000002
30.12.2010 07:00:00.000 GMT+0100,1.55145,1.55348,1.53984,1.54182,41613.4195
30.12.2010 15:00:00.000 GMT+0100,1.54185,1.54644,1.53666,1.54252,37747.330500000004
30.12.2010 23:00:00.000 GMT+0100,1.54252,1.54599,1.54215,1.54407,17666.9803
31.12.2010 07:00:00.000 GMT+0100,1.54405,1.55459,1.54366,1.55209,38370.6699
31.12.2010 15:00:00.000 GMT+0100,1.55209,1.56639,1.55200,1.56081,29344.279700000003
31.12.2010 23:00:00.000 GMT+0100,1.56081,1.56081,1.56080,1.56080,0